dataset,embedding,classifier,task,task_group,mode,metric,mean,ci_low,ci_high,fold_sd,draw_sd,delta_vs_per_radiograph_pp,n_radiographs,n_patients
mimic,cxr-foundation,logistic_regression,race-bin,demographic,per_radiograph,accuracy,0.8084639736608839,0.8079343373858744,0.8089936099358933,0.0007403804598456492,,0.0,39485,9238
mimic,cxr-foundation,logistic_regression,race-bin,demographic,per_radiograph,precision,0.7811407615182483,0.780378022910511,0.7819035001259856,0.001066235051835426,,0.0,39485,9238
mimic,cxr-foundation,logistic_regression,race-bin,demographic,per_radiograph,recall,0.7379729241420272,0.7371436640021174,0.738802184281937,0.001159225741679388,,0.0,39485,9238
mimic,cxr-foundation,logistic_regression,race-bin,demographic,per_radiograph,f1,0.7532677792754214,0.7524951959641653,0.7540403625866776,0.0010799969984057545,,0.0,39485,9238
mimic,cxr-foundation,logistic_regression,race-bin,demographic,per_radiograph,roc,0.8355291116951105,0.8351480729965515,0.8359101503936694,0.0005326553715624052,,0.0,39485,9238
mimic,cxr-foundation,logistic_regression,race-bin,demographic,one_per_patient,accuracy,0.8114292595799958,0.8106898869256505,0.8121686322343411,0.0010335717012807703,0.0019030091848322866,0.29652859191119374,39485,9238
mimic,cxr-foundation,logistic_regression,race-bin,demographic,one_per_patient,precision,0.7871053112654537,0.7862144688619501,0.7879961536689573,0.0012453118101555139,0.0023573908713109323,0.5964549747205394,39485,9238
mimic,cxr-foundation,logistic_regression,race-bin,demographic,one_per_patient,recall,0.7701057509742884,0.7691680422369351,0.7710434597116416,0.0013108264273449638,0.0022834271495404956,3.213282683226115,39485,9238
mimic,cxr-foundation,logistic_regression,race-bin,demographic,one_per_patient,f1,0.7773415051430967,0.7764345750772101,0.7782484352089833,0.001267800811447528,0.0022605354725647427,2.407372586767531,39485,9238
mimic,cxr-foundation,logistic_regression,race-bin,demographic,one_per_patient,roc,0.8553038536338947,0.8549242281901417,0.8556834790776477,0.0005306797775700146,0.0018232661404584142,1.9774741938784257,39485,9238
mimic,cxr-foundation,logistic_regression,race-bin,demographic,patient_balanced,accuracy,0.8113959937516281,0.8106524653321531,0.8121395221711031,0.0010393810603501652,,0.2932020090744225,39485,9238
mimic,cxr-foundation,logistic_regression,race-bin,demographic,patient_balanced,precision,0.787070561729547,0.7861736027983385,0.7879675206607556,0.001253862126303703,,0.5929800211298741,39485,9238
mimic,cxr-foundation,logistic_regression,race-bin,demographic,patient_balanced,recall,0.7700321229908165,0.7690899314777317,0.7709743145039012,0.0013170929157146185,,3.205919884878927,39485,9238
mimic,cxr-foundation,logistic_regression,race-bin,demographic,patient_balanced,f1,0.7772860794932563,0.7763746159464157,0.778197543040097,0.0012741381808306774,,2.401830021783491,39485,9238
mimic,cxr-foundation,logistic_regression,race-bin,demographic,patient_balanced,roc,0.8551594524580663,0.8547763036519846,0.855542601264148,0.0005356050984820583,,1.963034076295589,39485,9238
mimic,cxr-foundation,random_forest,race-bin,demographic,per_radiograph,accuracy,0.7282005824996834,0.7279233113518141,0.7284778536475528,0.0003875983380439678,,0.0,39485,9238
mimic,cxr-foundation,random_forest,race-bin,demographic,per_radiograph,precision,0.7473778543701183,0.7466114111034471,0.7481442976367895,0.0010714138079261097,,0.0,39485,9238
mimic,cxr-foundation,random_forest,race-bin,demographic,per_radiograph,recall,0.5537925519416318,0.5531517481586176,0.554433355724646,0.0008957819203952895,,0.0,39485,9238
mimic,cxr-foundation,random_forest,race-bin,demographic,per_radiograph,f1,0.5241317899399968,0.5229450830636285,0.525318496816365,0.001658901824297936,,0.0,39485,9238
mimic,cxr-foundation,random_forest,race-bin,demographic,per_radiograph,roc,0.7152682358527158,0.7145008177908067,0.716035653914625,0.001072776477706407,,0.0,39485,9238
mimic,cxr-foundation,random_forest,race-bin,demographic,one_per_patient,accuracy,0.7250034098289674,0.7244404765161113,0.7255663431418234,0.0007869265091923301,0.0010003618713834194,-0.3197172670716064,39485,9238
mimic,cxr-foundation,random_forest,race-bin,demographic,one_per_patient,precision,0.7293135554761052,0.7282279579463965,0.7303991530058139,0.001517560703784362,0.0025964494145843562,-1.8064298894013064,39485,9238
mimic,cxr-foundation,random_forest,race-bin,demographic,one_per_patient,recall,0.592772706410622,0.5916250410158542,0.5939203718053897,0.0016043255963009927,0.0013712377636725624,3.898015446899017,39485,9238
mimic,cxr-foundation,random_forest,race-bin,demographic,one_per_patient,f1,0.584539098349267,0.5827844284284337,0.5862937682701003,0.0024528594134546,0.0019347101889338276,6.040730840927022,39485,9238
mimic,cxr-foundation,random_forest,race-bin,demographic,one_per_patient,roc,0.7313298153713224,0.7308002632649386,0.7318593674777061,0.0007402628002200865,0.0019859070014966126,1.606157951860654,39485,9238
mimic,cxr-foundation,random_forest,race-bin,demographic,patient_balanced,accuracy,0.724956433666603,0.7243883781042787,0.7255244892289273,0.0007940869202058563,,-0.324414883308044,39485,9238
mimic,cxr-foundation,random_forest,race-bin,demographic,patient_balanced,precision,0.7292877471639818,0.728204539540588,0.7303709547873757,0.0015142198451238062,,-1.8090107206136463,39485,9238
mimic,cxr-foundation,random_forest,race-bin,demographic,patient_balanced,recall,0.5926764441291424,0.5915273799444356,0.5938255083138493,0.0016062809698038588,,3.888389218751065,39485,9238
mimic,cxr-foundation,random_forest,race-bin,demographic,patient_balanced,f1,0.5843966078060268,0.5826414718856078,0.5861517437264457,0.0024535108359568457,,6.026481786603,39485,9238
mimic,cxr-foundation,random_forest,race-bin,demographic,patient_balanced,roc,0.7312423239941044,0.7307115231467278,0.7317731248414809,0.000742008419759627,,1.5974088141388565,39485,9238
mimic,cxr-foundation,xgboost,race-bin,demographic,per_radiograph,accuracy,0.7702671900721793,0.769669353588392,0.7708650265559666,0.00083571777777315,,0.0,39485,9238
mimic,cxr-foundation,xgboost,race-bin,demographic,per_radiograph,precision,0.7323632555204107,0.7313181647109999,0.7334083463298215,0.0014609362133254987,,0.0,39485,9238
mimic,cxr-foundation,xgboost,race-bin,demographic,per_radiograph,recall,0.6779866507322453,0.677148765038127,0.6788245364263635,0.0011712834350296913,,0.0,39485,9238
mimic,cxr-foundation,xgboost,race-bin,demographic,per_radiograph,f1,0.692679283356754,0.691821031688971,0.693537535024537,0.0011997531030992297,,0.0,39485,9238
mimic,cxr-foundation,xgboost,race-bin,demographic,per_radiograph,roc,0.7800809469455543,0.7788234425676916,0.781338451323417,0.0017578699070854452,,0.0,39485,9238
mimic,cxr-foundation,xgboost,race-bin,demographic,one_per_patient,accuracy,0.768968770296601,0.7678251143201654,0.7701124262730367,0.0015987208159478593,0.001333986382436216,-0.1298419775578208,39485,9238
mimic,cxr-foundation,xgboost,race-bin,demographic,one_per_patient,precision,0.7372160800241142,0.7356505815764756,0.7387815784717529,0.0021884159285158393,0.0017311084346194536,0.4852824503703501,39485,9238
mimic,cxr-foundation,xgboost,race-bin,demographic,one_per_patient,recall,0.7118293310771657,0.7106127638571509,0.7130458982971806,0.0017006437064224077,0.001576771160886177,3.384268034492044,39485,9238
mimic,cxr-foundation,xgboost,race-bin,demographic,one_per_patient,f1,0.7210306198164789,0.7197633172857519,0.7222979223472058,0.0017715667803277087,0.0016220892650556883,2.8351336459724874,39485,9238
mimic,cxr-foundation,xgboost,race-bin,demographic,one_per_patient,roc,0.799990896858896,0.7986893651689561,0.801292428548836,0.001819415845495738,0.0016244485580493666,1.9909949913341718,39485,9238
mimic,cxr-foundation,xgboost,race-bin,demographic,patient_balanced,accuracy,0.7688107431324294,0.7676562478437885,0.7699652384210702,0.0016138731295895262,,-0.14564469397498891,39485,9238
mimic,cxr-foundation,xgboost,race-bin,demographic,patient_balanced,precision,0.7370068757147586,0.7354321857730151,0.7385815656565022,0.0022012647512894327,,0.46436201943479416,39485,9238
mimic,cxr-foundation,xgboost,race-bin,demographic,patient_balanced,recall,0.7116457805842504,0.7103908123704197,0.7129007487980812,0.0017543245942343564,,3.3659129852005143,39485,9238
mimic,cxr-foundation,xgboost,race-bin,demographic,patient_balanced,f1,0.7208402546181804,0.7195435652080575,0.7221369440283032,0.0018126468050676456,,2.816097126142636,39485,9238
mimic,cxr-foundation,xgboost,race-bin,demographic,patient_balanced,roc,0.7997273850228025,0.7984021716114647,0.8010525984341403,0.0018525206092850522,,1.9646438077248196,39485,9238
mimic,cxr-foundation,mlp,race-bin,demographic,per_radiograph,accuracy,0.8166696213752058,0.8151419467619476,0.818197295988464,0.0021355418539611495,,0.0,39485,9238
mimic,cxr-foundation,mlp,race-bin,demographic,per_radiograph,precision,0.8017375758495289,0.7980545856543146,0.8054205660447431,0.005148465282690955,,0.0,39485,9238
mimic,cxr-foundation,mlp,race-bin,demographic,per_radiograph,recall,0.7369481772545324,0.7322863042466845,0.7416100502623804,0.0065168490984329796,,0.0,39485,9238
mimic,cxr-foundation,mlp,race-bin,demographic,per_radiograph,f1,0.7569702024623048,0.7533410165327507,0.760599388391859,0.0050732521055906745,,0.0,39485,9238
mimic,cxr-foundation,mlp,race-bin,demographic,per_radiograph,roc,0.844844654891878,0.8432353601675103,0.8464539496162456,0.0022496389017790308,,0.0,39485,9238
mimic,cxr-foundation,mlp,race-bin,demographic,one_per_patient,accuracy,0.8255299307209354,0.823178988306418,0.8278808731354528,0.0032863908838195424,0.0014274379855773324,0.8860309345729567,39485,9238
mimic,cxr-foundation,mlp,race-bin,demographic,one_per_patient,precision,0.8123515257890283,0.8075388277037219,0.8171642238743346,0.006727688018412548,0.0018441426649244439,1.0613949939499379,39485,9238
mimic,cxr-foundation,mlp,race-bin,demographic,one_per_patient,recall,0.7740001689598311,0.7696166710207032,0.7783836668989591,0.006127707585448834,0.0018343842968869032,3.7051991705298715,39485,9238
mimic,cxr-foundation,mlp,race-bin,demographic,one_per_patient,f1,0.787837550913863,0.7846509623547696,0.7910241394729564,0.0044545436444634575,0.0018161922183191923,3.086734845155814,39485,9238
mimic,cxr-foundation,mlp,race-bin,demographic,one_per_patient,roc,0.8662324107680218,0.8639900146231213,0.8684748069129223,0.0031346536618702308,0.001577016386999301,2.1387755876143832,39485,9238
mimic,cxr-foundation,mlp,race-bin,demographic,patient_balanced,accuracy,0.8254831680119368,0.8231084273787361,0.8278579086451374,0.0033196584995845236,,0.8813546636730951,39485,9238
mimic,cxr-foundation,mlp,race-bin,demographic,patient_balanced,precision,0.8123088446170439,0.807447038122156,0.8171706511119318,0.00679633684135727,,1.0571268767515019,39485,9238
mimic,cxr-foundation,mlp,race-bin,demographic,patient_balanced,recall,0.7739194972034399,0.7695375247589283,0.7783014696479514,0.0061255750910203365,,3.6971319948907455,39485,9238
mimic,cxr-foundation,mlp,race-bin,demographic,patient_balanced,f1,0.7877685375429054,0.7845738961454547,0.7909631789403562,0.004465800736259011,,3.079833508060059,39485,9238
mimic,cxr-foundation,mlp,race-bin,demographic,patient_balanced,roc,0.8660933067810783,0.8638518278358598,0.8683347857262969,0.003133371505125399,,2.124865188920033,39485,9238
mimic,cxr-foundation,logistic_regression,race-cls,demographic,per_radiograph,accuracy,0.7766544257312903,0.7763099556902603,0.7769988957723203,0.0004815359132573441,,0.0,39485,9238
mimic,cxr-foundation,logistic_regression,race-cls,demographic,per_radiograph,precision,0.5624458916864233,0.5612215329711442,0.5636702504017025,0.0017115354657652223,,0.0,39485,9238
mimic,cxr-foundation,logistic_regression,race-cls,demographic,per_radiograph,recall,0.43177798387718996,0.4308891454781144,0.4326668222762655,0.0012425104051348081,,0.0,39485,9238
mimic,cxr-foundation,logistic_regression,race-cls,demographic,per_radiograph,f1,0.45335533201867023,0.45214513413730995,0.4545655299000305,0.0016917399849355897,,0.0,39485,9238
mimic,cxr-foundation,logistic_regression,race-cls,demographic,per_radiograph,roc,0.793068731115255,0.7924640384223137,0.7936734238081963,0.0008453020972878049,,0.0,39485,9238
mimic,cxr-foundation,logistic_regression,race-cls,demographic,one_per_patient,accuracy,0.7682085949339684,0.7675259087285254,0.7688912811394114,0.0009543295098266493,0.001567268394984462,-0.8445830797321863,39485,9238
mimic,cxr-foundation,logistic_regression,race-cls,demographic,one_per_patient,precision,0.5648118681500025,0.562940247518892,0.566683488781113,0.002616345233327417,0.005084214471417811,0.2365976463579167,39485,9238
mimic,cxr-foundation,logistic_regression,race-cls,demographic,one_per_patient,recall,0.4649669435294137,0.46372396592769183,0.4662099211311356,0.00173756287430336,0.0025098809651386044,3.3188959652223735,39485,9238
mimic,cxr-foundation,logistic_regression,race-cls,demographic,one_per_patient,f1,0.47996832353758234,0.47834910140752823,0.48158754566763645,0.0022635164580077846,0.0030449828040764486,2.6612991518912112,39485,9238
mimic,cxr-foundation,logistic_regression,race-cls,demographic,one_per_patient,roc,0.8074681342981294,0.8070743375081152,0.8078619310881435,0.0005504899536407717,0.0019164725878971294,1.439940318287436,39485,9238
mimic,cxr-foundation,logistic_regression,race-cls,demographic,patient_balanced,accuracy,0.7681772982760965,0.7674907718351109,0.768863824717082,0.0009596977889478057,,-0.84771274551938,39485,9238
mimic,cxr-foundation,logistic_regression,race-cls,demographic,patient_balanced,precision,0.5646449278085772,0.562764592390803,0.5665252632263514,0.0026285276650489923,,0.21990361221538857,39485,9238
mimic,cxr-foundation,logistic_regression,race-cls,demographic,patient_balanced,recall,0.4648205601113965,0.4635712622455007,0.4660698579772923,0.001746397994396563,,3.3042576234206535,39485,9238
mimic,cxr-foundation,logistic_regression,race-cls,demographic,patient_balanced,f1,0.4797970540578894,0.4781714029973505,0.48142270511842833,0.0022725034831290493,,2.6441722039219187,39485,9238
mimic,cxr-foundation,logistic_regression,race-cls,demographic,patient_balanced,roc,0.8073150325360343,0.806919544029381,0.8077105210426876,0.0005528548104346257,,1.4246301420779317,39485,9238
mimic,cxr-foundation,random_forest,race-cls,demographic,per_radiograph,accuracy,0.7086260605293149,0.7084145295596069,0.7088375914990228,0.00029569990579136706,,0.0,39485,9238
mimic,cxr-foundation,random_forest,race-cls,demographic,per_radiograph,precision,0.34992380386144556,0.347990708987583,0.3518568987353081,0.002702280299079195,,0.0,39485,9238
mimic,cxr-foundation,random_forest,race-cls,demographic,per_radiograph,recall,0.26035492333982774,0.26004684646943427,0.2606630002102212,0.00043066176871224933,,0.0,39485,9238
mimic,cxr-foundation,random_forest,race-cls,demographic,per_radiograph,f1,0.22762208763284103,0.2270384930633766,0.22820568220230547,0.0008158089543542411,,0.0,39485,9238
mimic,cxr-foundation,random_forest,race-cls,demographic,per_radiograph,roc,0.6863062269848355,0.6853168459210869,0.687295608048584,0.0013830593588548008,,0.0,39485,9238
mimic,cxr-foundation,random_forest,race-cls,demographic,one_per_patient,accuracy,0.6912866962546006,0.6908807126141708,0.6916926798950304,0.000567525995808797,0.0005507835583490454,-1.7339364274714275,39485,9238
mimic,cxr-foundation,random_forest,race-cls,demographic,one_per_patient,precision,0.3394266590071671,0.3372016857168714,0.3416516322974628,0.003110298190553828,0.0028860282587099867,-1.049714485427844,39485,9238
mimic,cxr-foundation,random_forest,race-cls,demographic,one_per_patient,recall,0.27042529906700497,0.26983729818728597,0.27101329994672396,0.0008219685513577574,0.0007394688415479846,1.0070375727177228,39485,9238
mimic,cxr-foundation,random_forest,race-cls,demographic,one_per_patient,f1,0.2422809918585412,0.24125786204262709,0.24330412167445534,0.0014302368612777341,0.0012713981042904634,1.465890422570018,39485,9238
mimic,cxr-foundation,random_forest,race-cls,demographic,one_per_patient,roc,0.700093218152708,0.6994556897909194,0.7007307465144965,0.0008912031972455413,0.0017184707648039298,1.378699116787252,39485,9238
mimic,cxr-foundation,random_forest,race-cls,demographic,patient_balanced,accuracy,0.6913042648517262,0.690893482547082,0.6917150471563704,0.0005742340658284772,,-1.7321795677588625,39485,9238
mimic,cxr-foundation,random_forest,race-cls,demographic,patient_balanced,precision,0.3394796078251438,0.33722613702531784,0.34173307862496977,0.0031501349619496104,,-1.0444196036301756,39485,9238
mimic,cxr-foundation,random_forest,race-cls,demographic,patient_balanced,recall,0.2704506505288997,0.2698566138824695,0.2710446871753299,0.0008304059714212986,,1.009572718907198,39485,9238
mimic,cxr-foundation,random_forest,race-cls,demographic,patient_balanced,f1,0.24232786554115945,0.2412948285261081,0.24336090255621082,0.0014440861706984153,,1.4705777908318423,39485,9238
mimic,cxr-foundation,random_forest,race-cls,demographic,patient_balanced,roc,0.7000090422507149,0.6993711769796539,0.7006469075217759,0.0008916741639332656,,1.3702815265879464,39485,9238
mimic,cxr-foundation,xgboost,race-cls,demographic,per_radiograph,accuracy,0.7458579207293908,0.7454060149666664,0.7463098264921153,0.0006317206962587665,,0.0,39485,9238
mimic,cxr-foundation,xgboost,race-cls,demographic,per_radiograph,precision,0.5115360299806769,0.503844619421593,0.5192274405397609,0.010751850572348115,,0.0,39485,9238
mimic,cxr-foundation,xgboost,race-cls,demographic,per_radiograph,recall,0.35226947418395005,0.35153658187445924,0.35300236649344086,0.0010245128038265227,,0.0,39485,9238
mimic,cxr-foundation,xgboost,race-cls,demographic,per_radiograph,f1,0.35957604125240816,0.35838040900063833,0.360771673504178,0.0016713786387760545,,0.0,39485,9238
mimic,cxr-foundation,xgboost,race-cls,demographic,per_radiograph,roc,0.7490962329609885,0.7482704612778237,0.7499220046441533,0.0011543492154086283,,0.0,39485,9238
mimic,cxr-foundation,xgboost,race-cls,demographic,one_per_patient,accuracy,0.736279389478242,0.7357997208244675,0.7367590581320165,0.0006705305418303281,0.0011039990898405033,-0.9578531251148825,39485,9238
mimic,cxr-foundation,xgboost,race-cls,demographic,one_per_patient,precision,0.5239568543024639,0.5160273267963229,0.5318863818086048,0.011084715111802087,0.00572850061784485,1.2420824321786927,39485,9238
mimic,cxr-foundation,xgboost,race-cls,demographic,one_per_patient,recall,0.3845813263768657,0.383371028379609,0.3857916243741224,0.0016918799373083799,0.0014378274547631033,3.2311852192915658,39485,9238
mimic,cxr-foundation,xgboost,race-cls,demographic,one_per_patient,f1,0.3879127836398816,0.38578161987472664,0.3900439474050365,0.002979161516880198,0.0019046128769895276,2.8336742387473413,39485,9238
mimic,cxr-foundation,xgboost,race-cls,demographic,one_per_patient,roc,0.7653422065679146,0.7642257706379336,0.7664586424978956,0.001560669814794833,0.001515506596623008,1.6245973606926145,39485,9238
mimic,cxr-foundation,xgboost,race-cls,demographic,patient_balanced,accuracy,0.7362231572667696,0.7357337159661255,0.7367125985674137,0.0006841917601506617,,-0.9634763462621265,39485,9238
mimic,cxr-foundation,xgboost,race-cls,demographic,patient_balanced,precision,0.5245466338483323,0.5167861230469264,0.5323071446497383,0.010848446050414517,,1.3010603867655401,39485,9238
mimic,cxr-foundation,xgboost,race-cls,demographic,patient_balanced,recall,0.38457084003202363,0.3833976457856305,0.38574403427841675,0.0016400124701000996,,3.230136584807358,39485,9238
mimic,cxr-foundation,xgboost,race-cls,demographic,patient_balanced,f1,0.3879662710835779,0.38589165833132233,0.39004088383583346,0.002900108651903286,,2.8390229831169735,39485,9238
mimic,cxr-foundation,xgboost,race-cls,demographic,patient_balanced,roc,0.7651603692438738,0.7640548380339497,0.7662659004537978,0.0015454260672812543,,1.6064136282885277,39485,9238
mimic,cxr-foundation,mlp,race-cls,demographic,per_radiograph,accuracy,0.7824591617069774,0.7801879899761599,0.7847303334377949,0.003174879157250371,,0.0,39485,9238
mimic,cxr-foundation,mlp,race-cls,demographic,per_radiograph,precision,0.5844455261280082,0.5618717774494865,0.6070192748065298,0.03155592472729916,,0.0,39485,9238
mimic,cxr-foundation,mlp,race-cls,demographic,per_radiograph,recall,0.43122905602135597,0.4217514353272418,0.44070667671547015,0.013248800165030673,,0.0,39485,9238
mimic,cxr-foundation,mlp,race-cls,demographic,per_radiograph,f1,0.4498407228167661,0.4364417272500923,0.46323971838343997,0.01873050424831185,,0.0,39485,9238
mimic,cxr-foundation,mlp,race-cls,demographic,per_radiograph,roc,0.7984977406030305,0.7960853185271491,0.8009101626789118,0.0033723335242682464,,0.0,39485,9238
mimic,cxr-foundation,mlp,race-cls,demographic,one_per_patient,accuracy,0.7809559969690409,0.778675311310995,0.7832366826270869,0.0031881787104506986,0.0012381816582878772,-0.15031647379364355,39485,9238
mimic,cxr-foundation,mlp,race-cls,demographic,one_per_patient,precision,0.5964885149052943,0.5794421470526822,0.6135348827579065,0.02382917912711114,0.004852934059284204,1.2042988777286157,39485,9238
mimic,cxr-foundation,mlp,race-cls,demographic,one_per_patient,recall,0.4642273031559845,0.4531698458362105,0.47528476047575846,0.015457259484336629,0.00199989526411143,3.299824713462851,39485,9238
mimic,cxr-foundation,mlp,race-cls,demographic,one_per_patient,f1,0.47693649561853907,0.4618416651188375,0.49203132611824063,0.021101118020027343,0.002422702248349007,2.709577280177294,39485,9238
mimic,cxr-foundation,mlp,race-cls,demographic,one_per_patient,roc,0.8134111488835243,0.8109045093040578,0.8159177884629908,0.0035040405124813524,0.0015726353058196176,1.4913408280493812,39485,9238
mimic,cxr-foundation,mlp,race-cls,demographic,patient_balanced,accuracy,0.7807442458944424,0.7784355839876342,0.7830529078012505,0.003227286809537985,,-0.17149158125350228,39485,9238
mimic,cxr-foundation,mlp,race-cls,demographic,patient_balanced,precision,0.5962098249743617,0.5789709621177839,0.6134486878309395,0.02409826858770659,,1.176429884635355,39485,9238
mimic,cxr-foundation,mlp,race-cls,demographic,patient_balanced,recall,0.4638767598037282,0.4528405627390848,0.47491295686837165,0.01542753969697935,,3.264770378237225,39485,9238
mimic,cxr-foundation,mlp,race-cls,demographic,patient_balanced,f1,0.47657616437816513,0.46150160324031997,0.4916507255160103,0.02107278340595325,,2.6735441561399007,39485,9238
mimic,cxr-foundation,mlp,race-cls,demographic,patient_balanced,roc,0.8132100154970819,0.8107040265533771,0.8157160044407867,0.003503130986402475,,1.471227489405147,39485,9238
mimic,cxr-foundation,logistic_regression,gender,demographic,per_radiograph,accuracy,0.9487830821831074,0.9485047542102328,0.9490614101559819,0.00038907567753184157,,0.0,39485,9238
mimic,cxr-foundation,logistic_regression,gender,demographic,per_radiograph,precision,0.9488865839482512,0.9486108984643059,0.9491622694321965,0.00038538173272318016,,0.0,39485,9238
mimic,cxr-foundation,logistic_regression,gender,demographic,per_radiograph,recall,0.9485222162092992,0.9482394752340904,0.9488049571845081,0.0003952446294178684,,0.0,39485,9238
mimic,cxr-foundation,logistic_regression,gender,demographic,per_radiograph,f1,0.9486838026002922,0.948404537538688,0.9489630676618963,0.0003903856372481051,,0.0,39485,9238
mimic,cxr-foundation,logistic_regression,gender,demographic,per_radiograph,roc,0.9883710574881706,0.988333664311044,0.9884084506652971,5.227205722560062e-05,,0.0,39485,9238
mimic,cxr-foundation,logistic_regression,gender,demographic,one_per_patient,accuracy,0.9614353214981598,0.9612180648764561,0.9616525781198635,0.0003037038153752992,0.001102516898504505,1.2652239315052438,39485,9238
mimic,cxr-foundation,logistic_regression,gender,demographic,one_per_patient,precision,0.9612234207294881,0.9610032775581219,0.9614435639008543,0.00030773893356352206,0.0011067318852588366,1.233683678123687,39485,9238
mimic,cxr-foundation,logistic_regression,gender,demographic,one_per_patient,recall,0.9613329947054682,0.9611148647672635,0.9615511246436729,0.0003049246276630518,0.001112130274182969,1.2810778496168962,39485,9238
mimic,cxr-foundation,logistic_regression,gender,demographic,one_per_patient,f1,0.9612755580839997,0.9610575018574388,0.9614936143105606,0.00030482158589029796,0.001107286380486806,1.25917554837075,39485,9238
mimic,cxr-foundation,logistic_regression,gender,demographic,one_per_patient,roc,0.9930490050158725,0.9930068504237136,0.9930911596080313,5.892805647910113e-05,0.0003762054261817232,0.4677947527701898,39485,9238
mimic,cxr-foundation,logistic_regression,gender,demographic,patient_balanced,accuracy,0.9613631415858185,0.9611423697142412,0.9615839134573958,0.0003086177958571553,,1.258005940271112,39485,9238
mimic,cxr-foundation,logistic_regression,gender,demographic,patient_balanced,precision,0.9611508785702026,0.9609263688037617,0.9613753883366436,0.0003138430125739085,,1.2264294621951444,39485,9238
mimic,cxr-foundation,logistic_regression,gender,demographic,patient_balanced,recall,0.9612569712996594,0.9610362222703239,0.9614777203289948,0.0003085858646048844,,1.273475509036015,39485,9238
mimic,cxr-foundation,logistic_regression,gender,demographic,patient_balanced,f1,0.9612028751284576,0.9609813595760053,0.9614243906809099,0.00030965739003559016,,1.251907252816542,39485,9238
mimic,cxr-foundation,logistic_regression,gender,demographic,patient_balanced,roc,0.993025195856019,0.992982914667583,0.993067477044455,5.910502587177051e-05,,0.4654138367848448,39485,9238
mimic,cxr-foundation,random_forest,gender,demographic,per_radiograph,accuracy,0.7837077371153602,0.7823599560067613,0.7850555182239591,0.0018840680747141533,,0.0,39485,9238
mimic,cxr-foundation,random_forest,gender,demographic,per_radiograph,precision,0.8007473258627144,0.8000671161845316,0.8014275355408971,0.0009508675634338341,,0.0,39485,9238
mimic,cxr-foundation,random_forest,gender,demographic,per_radiograph,recall,0.7787685347071578,0.7772813546771553,0.7802557147371603,0.002078934329917187,,0.0,39485,9238
mimic,cxr-foundation,random_forest,gender,demographic,per_radiograph,f1,0.7782973845065615,0.7766709133385934,0.7799238556745296,0.002273649914263326,,0.0,39485,9238
mimic,cxr-foundation,random_forest,gender,demographic,per_radiograph,roc,0.8864953505200152,0.8857934674445291,0.8871972335955012,0.0009811648837251307,,0.0,39485,9238
mimic,cxr-foundation,random_forest,gender,demographic,one_per_patient,accuracy,0.8266847261311971,0.8256779087303538,0.8276915435320404,0.0014074336773925592,0.0018572164743652618,4.297698901583691,39485,9238
mimic,cxr-foundation,random_forest,gender,demographic,one_per_patient,precision,0.8297537457472745,0.8288994393212619,0.830608052173287,0.0011942380353933703,0.0018095545689412707,2.9006419884560097,39485,9238
mimic,cxr-foundation,random_forest,gender,demographic,one_per_patient,recall,0.8299968198211684,0.8290777696810709,0.8309158699612658,0.0012847435069178465,0.0018356329923270131,5.122828511401057,39485,9238
mimic,cxr-foundation,random_forest,gender,demographic,one_per_patient,f1,0.8266796849336743,0.825675264323313,0.8276841055440356,0.0014040831953297452,0.0018568788769011751,4.838230042711277,39485,9238
mimic,cxr-foundation,random_forest,gender,demographic,one_per_patient,roc,0.919597175276871,0.9190029132404763,0.9201914373132657,0.000830721044865907,0.0012881492244704534,3.3101824756855858,39485,9238
mimic,cxr-foundation,random_forest,gender,demographic,patient_balanced,accuracy,0.8265308349456335,0.825536485593849,0.8275251842974181,0.0013900045466266459,,4.282309783027327,39485,9238
mimic,cxr-foundation,random_forest,gender,demographic,patient_balanced,precision,0.8296298171812108,0.8287972592341271,0.8304623751282945,0.0011638357582267364,,2.8882491318496406,39485,9238
mimic,cxr-foundation,random_forest,gender,demographic,patient_balanced,recall,0.8298591419176766,0.8289560775203615,0.8307622063149918,0.0012623969794035162,,5.1090607210518835,39485,9238
mimic,cxr-foundation,random_forest,gender,demographic,patient_balanced,f1,0.8265269205605975,0.8255348588640229,0.8275189822571721,0.001386806625154428,,4.822953605403601,39485,9238
mimic,cxr-foundation,random_forest,gender,demographic,patient_balanced,roc,0.9194794709262325,0.918885936588715,0.92007300526375,0.0008297037919798805,,3.2984120406217343,39485,9238
mimic,cxr-foundation,xgboost,gender,demographic,per_radiograph,accuracy,0.8957528175256428,0.8949749827883056,0.8965306522629801,0.0010873379858724005,,0.0,39485,9238
mimic,cxr-foundation,xgboost,gender,demographic,per_radiograph,precision,0.8961699461879981,0.8953802254641718,0.8969596669118243,0.0011039534492717047,,0.0,39485,9238
mimic,cxr-foundation,xgboost,gender,demographic,per_radiograph,recall,0.8950728334589879,0.8942969870161692,0.8958486799018066,0.0010845585417907728,,0.0,39485,9238
mimic,cxr-foundation,xgboost,gender,demographic,per_radiograph,f1,0.8954643739349386,0.8946853762850631,0.8962433715848142,0.0010889636255055964,,0.0,39485,9238
mimic,cxr-foundation,xgboost,gender,demographic,per_radiograph,roc,0.9632989611261948,0.9627893328087553,0.9638085894436343,0.0007124112637669001,,0.0,39485,9238
mimic,cxr-foundation,xgboost,gender,demographic,one_per_patient,accuracy,0.9206675687378223,0.9195584020460679,0.9217767354295767,0.0015505081204493087,0.001131302286803212,2.4914751212179453,39485,9238
mimic,cxr-foundation,xgboost,gender,demographic,one_per_patient,precision,0.9201515822882191,0.9190444733983671,0.9212586911780711,0.001547631511744976,0.0011388905190009154,2.398163610022108,39485,9238
mimic,cxr-foundation,xgboost,gender,demographic,one_per_patient,recall,0.920674049874415,0.9195429719607136,0.9218051277881165,0.0015811378966681846,0.0011294200993761385,2.560121641542712,39485,9238
mimic,cxr-foundation,xgboost,gender,demographic,one_per_patient,f1,0.9203814205685414,0.9192661732829941,0.9214966678540888,0.0015590082044521644,0.0011340348753057481,2.4917046633602835,39485,9238
mimic,cxr-foundation,xgboost,gender,demographic,one_per_patient,roc,0.9776924482667564,0.9773110076954409,0.9780738888380719,0.0005332171509387479,0.0005367214769637467,1.4393487140561545,39485,9238
mimic,cxr-foundation,xgboost,gender,demographic,patient_balanced,accuracy,0.9204986619037262,0.9194213717727981,0.9215759520346543,0.0015059477610546278,,2.474584437808336,39485,9238
mimic,cxr-foundation,xgboost,gender,demographic,patient_balanced,precision,0.9199742634464065,0.9188991726035856,0.9210493542892275,0.0015028733682742829,,2.380431725840848,39485,9238
mimic,cxr-foundation,xgboost,gender,demographic,patient_balanced,recall,0.9205102232281259,0.9194109244946834,0.9216095219615684,0.0015367136659200217,,2.543738976913801,39485,9238
mimic,cxr-foundation,xgboost,gender,demographic,patient_balanced,f1,0.9202129872928577,0.9191296731626194,0.921296301423096,0.0015143687314258488,,2.4748613357919114,39485,9238
mimic,cxr-foundation,xgboost,gender,demographic,patient_balanced,roc,0.9776207503918481,0.9772322101840534,0.9780092905996429,0.0005431417583897338,,1.4321789265653306,39485,9238
mimic,cxr-foundation,mlp,gender,demographic,per_radiograph,accuracy,0.9559301000379892,0.9546423930595311,0.9572178070164472,0.001800090231433451,,0.0,39485,9238
mimic,cxr-foundation,mlp,gender,demographic,per_radiograph,precision,0.9560242722783036,0.9548065163703217,0.9572420281862855,0.0017023053776204942,,0.0,39485,9238
mimic,cxr-foundation,mlp,gender,demographic,per_radiograph,recall,0.9557564552841518,0.9544034618827651,0.9571094486855384,0.001891354357608835,,0.0,39485,9238
mimic,cxr-foundation,mlp,gender,demographic,per_radiograph,f1,0.9558501948669406,0.954553975721776,0.9571464140121051,0.00181198941998571,,0.0,39485,9238
mimic,cxr-foundation,mlp,gender,demographic,per_radiograph,roc,0.9918520700130383,0.9915067908934944,0.9921973491325823,0.0004826669270311666,,0.0,39485,9238
mimic,cxr-foundation,mlp,gender,demographic,one_per_patient,accuracy,0.9680631630222992,0.9666149812445683,0.9695113448000301,0.0020244185323549276,0.0009064130903967609,1.213306298431005,39485,9238
mimic,cxr-foundation,mlp,gender,demographic,one_per_patient,precision,0.9679411797762253,0.9664534622979982,0.9694288972544524,0.0020796856307295757,0.0009066886629809456,1.1916907497921736,39485,9238
mimic,cxr-foundation,mlp,gender,demographic,one_per_patient,recall,0.9679539855614803,0.96655001888313,0.9693579522398306,0.0019626100853958246,0.0009168948961214725,1.2197530277328505,39485,9238
mimic,cxr-foundation,mlp,gender,demographic,one_per_patient,f1,0.9679283353945569,0.9664781943077407,0.9693784764813731,0.0020271574575947324,0.0009105783023811774,1.2078140527616354,39485,9238
mimic,cxr-foundation,mlp,gender,demographic,one_per_patient,roc,0.99531740105467,0.9950388556885671,0.995595946420773,0.00038937957231034254,0.0002190165352404088,0.3465331041631714,39485,9238
mimic,cxr-foundation,mlp,gender,demographic,patient_balanced,accuracy,0.9679330024187319,0.9664944040670652,0.9693716007703986,0.0020110218264813334,,1.2002902380742753,39485,9238
mimic,cxr-foundation,mlp,gender,demographic,patient_balanced,precision,0.9678083598982509,0.9663283418583003,0.9692883779382014,0.0020689225581820236,,1.1784087619947314,39485,9238
mimic,cxr-foundation,mlp,gender,demographic,patient_balanced,recall,0.9678230012245083,0.9664307161760146,0.9692152862730019,0.0019462802928700551,,1.20665459403565,39485,9238
mimic,cxr-foundation,mlp,gender,demographic,patient_balanced,f1,0.9677976636866639,0.9663573040405615,0.9692380233327662,0.002013483946327915,,1.1947468819723306,39485,9238
mimic,cxr-foundation,mlp,gender,demographic,patient_balanced,roc,0.9952990626049474,0.9950186669611201,0.9955794582487747,0.0003919660822171899,,0.34469925919090594,39485,9238
mimic,cxr-foundation,logistic_regression,age_decile,demographic,per_radiograph,accuracy,0.6783107509180701,0.677509786161609,0.6791117156745313,0.0011196715230624291,,0.0,39485,9238
mimic,cxr-foundation,logistic_regression,age_decile,demographic,per_radiograph,precision,0.6866326001017415,0.6853489708168861,0.687916229386597,0.0017943900088334475,,0.0,39485,9238
mimic,cxr-foundation,logistic_regression,age_decile,demographic,per_radiograph,recall,0.6594126955308592,0.6586772669630703,0.6601481240986482,0.0010280582484527398,,0.0,39485,9238
mimic,cxr-foundation,logistic_regression,age_decile,demographic,per_radiograph,f1,0.6711247552610458,0.6704916474293224,0.6717578630927691,0.0008850237223175071,,0.0,39485,9238
mimic,cxr-foundation,logistic_regression,age_decile,demographic,per_radiograph,roc,0.8861545254527929,0.885915160922289,0.8863938899832969,0.0003346085408559971,,0.0,39485,9238
mimic,cxr-foundation,logistic_regression,age_decile,demographic,one_per_patient,accuracy,0.7065789673089414,0.7055064417000783,0.7076514929178046,0.0014992874184689415,0.002351495306004632,2.8268216390871292,39485,9238
mimic,cxr-foundation,logistic_regression,age_decile,demographic,one_per_patient,precision,0.7241090879611697,0.7225876114578199,0.7256305644645195,0.002126877493756342,0.0024129733124264876,3.7476487859428143,39485,9238
mimic,cxr-foundation,logistic_regression,age_decile,demographic,one_per_patient,recall,0.7027280312646574,0.7019061650155798,0.7035498975137351,0.001148889795006842,0.0024990000303645927,4.33153357337982,39485,9238
mimic,cxr-foundation,logistic_regression,age_decile,demographic,one_per_patient,f1,0.7109779954143898,0.7100295385256183,0.7119264523031612,0.0013258513069934967,0.002432337825855798,3.9853240153344016,39485,9238
mimic,cxr-foundation,logistic_regression,age_decile,demographic,one_per_patient,roc,0.9108002834673183,0.9106042376685874,0.9109963292660492,0.0002740531294096439,0.0008730647857340227,2.46457580145254,39485,9238
mimic,cxr-foundation,logistic_regression,age_decile,demographic,patient_balanced,accuracy,0.706750515239058,0.7057217159412076,0.7077793145369083,0.0014381622505328718,,2.8439764320987826,39485,9238
mimic,cxr-foundation,logistic_regression,age_decile,demographic,patient_balanced,precision,0.7243347738219919,0.7228419002578278,0.7258276473861559,0.0020868933418647056,,3.770217372025031,39485,9238
mimic,cxr-foundation,logistic_regression,age_decile,demographic,patient_balanced,recall,0.7028285558978128,0.7020398093795,0.7036173024161256,0.0011025916038695297,,4.341586036695356,39485,9238
mimic,cxr-foundation,logistic_regression,age_decile,demographic,patient_balanced,f1,0.7111364751508635,0.7102231345649146,0.7120498157368125,0.0012767621005728123,,4.001171988981778,39485,9238
mimic,cxr-foundation,logistic_regression,age_decile,demographic,patient_balanced,roc,0.9108907132786775,0.9106909121606565,0.9110905143966986,0.0002793027037951268,,2.4736187825884604,39485,9238
mimic,cxr-foundation,random_forest,age_decile,demographic,per_radiograph,accuracy,0.5654451057363556,0.5649164757594606,0.5659737357132507,0.0007389737520806817,,0.0,39485,9238
mimic,cxr-foundation,random_forest,age_decile,demographic,per_radiograph,precision,0.6741864651080214,0.6726072380668482,0.6757656921491946,0.002207607178952679,,0.0,39485,9238
mimic,cxr-foundation,random_forest,age_decile,demographic,per_radiograph,recall,0.4210768039968501,0.4199379422966487,0.4222156656970515,0.001592018879901552,,0.0,39485,9238
mimic,cxr-foundation,random_forest,age_decile,demographic,per_radiograph,f1,0.4394355806765963,0.43766311415623693,0.4412080471969557,0.0024777373441450703,,0.0,39485,9238
mimic,cxr-foundation,random_forest,age_decile,demographic,per_radiograph,roc,0.8150897438560716,0.8147143359883211,0.8154651517238221,0.0005247840128583313,,0.0,39485,9238
mimic,cxr-foundation,random_forest,age_decile,demographic,one_per_patient,accuracy,0.5893798982463736,0.588519644521448,0.5902401519712992,0.0012025517860026742,0.001705997541133364,2.3934792510017955,39485,9238
mimic,cxr-foundation,random_forest,age_decile,demographic,one_per_patient,precision,0.7004627102056274,0.6991115853933875,0.7018138350178674,0.0018887422500985952,0.0034609529619180333,2.6276245097606066,39485,9238
mimic,cxr-foundation,random_forest,age_decile,demographic,one_per_patient,recall,0.49842191044813333,0.49693650312451054,0.4999073177717561,0.002076456257272814,0.0018136162813614071,7.7345106451283225,39485,9238
mimic,cxr-foundation,random_forest,age_decile,demographic,one_per_patient,f1,0.5178939803540255,0.5158800044401584,0.5199079562678925,0.002815344196732854,0.002280443321819479,7.845839967742912,39485,9238
mimic,cxr-foundation,random_forest,age_decile,demographic,one_per_patient,roc,0.8459808972758418,0.845616304801528,0.8463454897501556,0.0005096651353495733,0.0007929747233178661,3.0891153419770223,39485,9238
mimic,cxr-foundation,random_forest,age_decile,demographic,patient_balanced,accuracy,0.589376354984446,0.5885209886404958,0.5902317213283961,0.001195719698502609,,2.3931249248090314,39485,9238
mimic,cxr-foundation,random_forest,age_decile,demographic,patient_balanced,precision,0.7004600937389401,0.6991117285610836,0.7018084589167967,0.0018848845472367235,,2.6273628630918755,39485,9238
mimic,cxr-foundation,random_forest,age_decile,demographic,patient_balanced,recall,0.49835382659498856,0.49686323719491393,0.4998444159950632,0.0020837003006425672,,7.727702259813846,39485,9238
mimic,cxr-foundation,random_forest,age_decile,demographic,patient_balanced,f1,0.5177884475811643,0.5157628053043604,0.5198140898579682,0.0028316526475764157,,7.835286690456794,39485,9238
mimic,cxr-foundation,random_forest,age_decile,demographic,patient_balanced,roc,0.8460217408367748,0.8456584323226397,0.84638504935091,0.0005078702827830662,,3.093199698070326,39485,9238
mimic,cxr-foundation,xgboost,age_decile,demographic,per_radiograph,accuracy,0.640807901734836,0.6399814965253853,0.6416343069442868,0.0011552348240896325,,0.0,39485,9238
mimic,cxr-foundation,xgboost,age_decile,demographic,per_radiograph,precision,0.6574569368554868,0.6562394468198767,0.6586744268910969,0.001701933713672689,,0.0,39485,9238
mimic,cxr-foundation,xgboost,age_decile,demographic,per_radiograph,recall,0.5982298786459173,0.5971279460523228,0.5993318112395117,0.0015403955485298066,,0.0,39485,9238
mimic,cxr-foundation,xgboost,age_decile,demographic,per_radiograph,f1,0.6212458986296,0.6203264463124004,0.6221653509467996,0.0012853057117402165,,0.0,39485,9238
mimic,cxr-foundation,xgboost,age_decile,demographic,per_radiograph,roc,0.8603727096703031,0.859913522399016,0.8608318969415902,0.0006418995433512988,,0.0,39485,9238
mimic,cxr-foundation,xgboost,age_decile,demographic,one_per_patient,accuracy,0.6766950097423685,0.6753358111850866,0.6780542082996505,0.0019000285674241112,0.0019396720788457333,3.5887108007532476,39485,9238
mimic,cxr-foundation,xgboost,age_decile,demographic,one_per_patient,precision,0.7020310480218341,0.7006262007083165,0.7034358953353518,0.001963841128473777,0.0020970628681932025,4.457411116634735,39485,9238
mimic,cxr-foundation,xgboost,age_decile,demographic,one_per_patient,recall,0.6589413267593283,0.6575101681820981,0.6603724853365585,0.0020006217389527386,0.0020390571328422315,6.0711448113411,39485,9238
mimic,cxr-foundation,xgboost,age_decile,demographic,one_per_patient,f1,0.6751727148792794,0.6738502982513147,0.6764951315072442,0.0018486109757166389,0.002008043135512317,5.392681624967944,39485,9238
mimic,cxr-foundation,xgboost,age_decile,demographic,one_per_patient,roc,0.89087612530631,0.8905279225281628,0.8912243280844572,0.0004867539199417232,0.0008463247527818234,3.050341563600689,39485,9238
mimic,cxr-foundation,xgboost,age_decile,demographic,patient_balanced,accuracy,0.6768001864757021,0.6754819309600054,0.6781184419913987,0.0018427941418630589,,3.599228474086602,39485,9238
mimic,cxr-foundation,xgboost,age_decile,demographic,patient_balanced,precision,0.7021609022647283,0.7007954859565851,0.7035263185728714,0.0019087203837875734,,4.470396540924149,39485,9238
mimic,cxr-foundation,xgboost,age_decile,demographic,patient_balanced,recall,0.658968631121404,0.6575915401025949,0.6603457221402131,0.00192504050395166,,6.073875247548677,39485,9238
mimic,cxr-foundation,xgboost,age_decile,demographic,patient_balanced,f1,0.6752467184917792,0.6739860004065035,0.6765074365770549,0.0017623623602737361,,5.40008198621792,39485,9238
mimic,cxr-foundation,xgboost,age_decile,demographic,patient_balanced,roc,0.8908708287635918,0.8905262883709666,0.891215369156217,0.0004816342580061407,,3.04981190932887,39485,9238
mimic,cxr-foundation,mlp,age_decile,demographic,per_radiograph,accuracy,0.6829200962390781,0.6797352781697452,0.686104914308411,0.00445206867043911,,0.0,39485,9238
mimic,cxr-foundation,mlp,age_decile,demographic,per_radiograph,precision,0.7040408293794622,0.6988933170205073,0.7091883417384172,0.007195726099607688,,0.0,39485,9238
mimic,cxr-foundation,mlp,age_decile,demographic,per_radiograph,recall,0.6519426302926365,0.6460521193483042,0.6578331412369689,0.008234366502961244,,0.0,39485,9238
mimic,cxr-foundation,mlp,age_decile,demographic,per_radiograph,f1,0.671876494115295,0.6678213506930485,0.6759316375375416,0.005668699621546121,,0.0,39485,9238
mimic,cxr-foundation,mlp,age_decile,demographic,per_radiograph,roc,0.8893164809407257,0.8877109856668202,0.8909219762146312,0.0022443276362690352,,0.0,39485,9238
mimic,cxr-foundation,mlp,age_decile,demographic,one_per_patient,accuracy,0.7119005195929855,0.7078320842648238,0.7159689549211472,0.005687280424784257,0.00200963090311571,2.898042335390738,39485,9238
mimic,cxr-foundation,mlp,age_decile,demographic,one_per_patient,precision,0.7382331730475975,0.7330504389291725,0.7434159071660225,0.0072449627242564055,0.002011541322189998,3.4192343668135283,39485,9238
mimic,cxr-foundation,mlp,age_decile,demographic,one_per_patient,recall,0.7011394769233641,0.6970800632555735,0.7051988905911547,0.0056746690132,0.002074166661816707,4.919684663072754,39485,9238
mimic,cxr-foundation,mlp,age_decile,demographic,one_per_patient,f1,0.7146111043012392,0.7099494818138231,0.7192727267886553,0.006516498895017439,0.002006693317798927,4.273461018594416,39485,9238
mimic,cxr-foundation,mlp,age_decile,demographic,one_per_patient,roc,0.9133615295184452,0.9116157245990761,0.9151073344378142,0.0024404669959214344,0.0007736379707240532,2.4045048577719497,39485,9238
mimic,cxr-foundation,mlp,age_decile,demographic,patient_balanced,accuracy,0.7119224073494373,0.7078727665910307,0.715972048107844,0.005661007427909832,,2.9002311110359225,39485,9238
mimic,cxr-foundation,mlp,age_decile,demographic,patient_balanced,precision,0.7383797680329091,0.7332086310506815,0.7435509050151367,0.007228751045721953,,3.4338938653446838,39485,9238
mimic,cxr-foundation,mlp,age_decile,demographic,patient_balanced,recall,0.7010803800783119,0.697024259911861,0.7051365002447627,0.005670065015793639,,4.913774978567531,39485,9238
mimic,cxr-foundation,mlp,age_decile,demographic,patient_balanced,f1,0.7146334586979082,0.7099819989744741,0.7192849184213422,0.006502292330578047,,4.275696458261313,39485,9238
mimic,cxr-foundation,mlp,age_decile,demographic,patient_balanced,roc,0.9133732690715883,0.9116273041332142,0.9151192340099624,0.0024406906870659347,,2.405678813086265,39485,9238
mimic,cxr-foundation,logistic_regression,insurance,demographic,per_radiograph,accuracy,0.646870963657085,0.6462569928410091,0.6474849344731608,0.0008582720190945319,,0.0,39485,9238
mimic,cxr-foundation,logistic_regression,insurance,demographic,per_radiograph,precision,0.5387205824754167,0.53715220981763,0.5402889551332033,0.0021924337972522,,0.0,39485,9238
mimic,cxr-foundation,logistic_regression,insurance,demographic,per_radiograph,recall,0.5011177571820887,0.4998955802836241,0.5023399340805534,0.001708485496167949,,0.0,39485,9238
mimic,cxr-foundation,logistic_regression,insurance,demographic,per_radiograph,f1,0.5063607484068124,0.5048277143416158,0.5078937824720091,0.0021430338511635332,,0.0,39485,9238
mimic,cxr-foundation,logistic_regression,insurance,demographic,per_radiograph,roc,0.7610731685319898,0.7607612109076849,0.7613851261562947,0.0004360866886073904,,0.0,39485,9238
mimic,cxr-foundation,logistic_regression,insurance,demographic,one_per_patient,accuracy,0.6461168542974669,0.6450965874089931,0.6471371211859407,0.0014262347646789614,0.0018920744329380768,-0.07541093596180604,39485,9238
mimic,cxr-foundation,logistic_regression,insurance,demographic,one_per_patient,precision,0.5661045168691325,0.5642277109840688,0.5679813227541963,0.0026235937185379423,0.0028252672513956,2.738393439371589,39485,9238
mimic,cxr-foundation,logistic_regression,insurance,demographic,one_per_patient,recall,0.5472067321776359,0.5456872383482552,0.5487262260070167,0.002124105906661215,0.0022720207394872063,4.60889749955472,39485,9238
mimic,cxr-foundation,logistic_regression,insurance,demographic,one_per_patient,f1,0.548845294650774,0.5470885105272127,0.5506020787743353,0.0024558148650765193,0.00253598171937921,4.2484546243961585,39485,9238
mimic,cxr-foundation,logistic_regression,insurance,demographic,one_per_patient,roc,0.7838025520199936,0.7835154483538461,0.7840896556861411,0.000401343250822168,0.0013580820949116038,2.2729383488003796,39485,9238
mimic,cxr-foundation,logistic_regression,insurance,demographic,patient_balanced,accuracy,0.6461070709279315,0.6450969063505078,0.6471172355053553,0.0014121127076114092,,-0.07638927291534481,39485,9238
mimic,cxr-foundation,logistic_regression,insurance,demographic,patient_balanced,precision,0.5660183741041733,0.5641471026128925,0.5678896455954542,0.0026158571694999445,,2.7297791628756674,39485,9238
mimic,cxr-foundation,logistic_regression,insurance,demographic,patient_balanced,recall,0.5471934491144264,0.5456682572168021,0.5487186410120506,0.002132071256818359,,4.607569193233763,39485,9238
mimic,cxr-foundation,logistic_regression,insurance,demographic,patient_balanced,f1,0.5488123558490912,0.5470483891282399,0.5505763225699424,0.0024658554437439486,,4.245160744227872,39485,9238
mimic,cxr-foundation,logistic_regression,insurance,demographic,patient_balanced,roc,0.7838046551632148,0.7835264946084508,0.7840828157179789,0.0003888416431511588,,2.273148663122504,39485,9238
mimic,cxr-foundation,random_forest,insurance,demographic,per_radiograph,accuracy,0.6230112701025707,0.6227689238782044,0.6232536163269371,0.0003387766614645583,,0.0,39485,9238
mimic,cxr-foundation,random_forest,insurance,demographic,per_radiograph,precision,0.5572450387862229,0.4314998621070182,0.6829902154654276,0.17577963618800144,,0.0,39485,9238
mimic,cxr-foundation,random_forest,insurance,demographic,per_radiograph,recall,0.4123541532088077,0.4118959957343125,0.4128123106833029,0.0006404599867001786,,0.0,39485,9238
mimic,cxr-foundation,random_forest,insurance,demographic,per_radiograph,f1,0.37759013364248684,0.37704078676789443,0.37813948051707924,0.0007679339781216497,,0.0,39485,9238
mimic,cxr-foundation,random_forest,insurance,demographic,per_radiograph,roc,0.7343385757140293,0.7340111878989425,0.7346659635291161,0.00045765660797593335,,0.0,39485,9238
mimic,cxr-foundation,random_forest,insurance,demographic,one_per_patient,accuracy,0.6203971638882875,0.6199844266723005,0.6208099011042745,0.000576966843448332,0.0011673677578984583,-0.2614106214283263,39485,9238
mimic,cxr-foundation,random_forest,insurance,demographic,one_per_patient,precision,0.45378078560651797,0.4192550281543671,0.48830654305866883,0.04826368091666069,0.0745843635989924,-10.346425317970493,39485,9238
mimic,cxr-foundation,random_forest,insurance,demographic,one_per_patient,recall,0.47115784459864035,0.4706681855745186,0.4716475036227621,0.0006844961165856559,0.0010979073640718917,5.880369138983266,39485,9238
mimic,cxr-foundation,random_forest,insurance,demographic,one_per_patient,f1,0.4282303609678085,0.4277465517342184,0.42871417020139857,0.0006763186732944941,0.0010996424929940768,5.064022732532164,39485,9238
mimic,cxr-foundation,random_forest,insurance,demographic,one_per_patient,roc,0.7561045246466515,0.7558415752270372,0.7563674740662657,0.00036757794244118863,0.0010408521242317723,2.176594893262218,39485,9238
mimic,cxr-foundation,random_forest,insurance,demographic,patient_balanced,accuracy,0.6204008988041564,0.6199787803281296,0.6208230172801832,0.0005900809407070079,,-0.2610371298414349,39485,9238
mimic,cxr-foundation,random_forest,insurance,demographic,patient_balanced,precision,0.5746549178683608,0.44903776454682975,0.7002720711898918,0.1756006718743811,,1.740987908213787,39485,9238
mimic,cxr-foundation,random_forest,insurance,demographic,patient_balanced,recall,0.4711585492065817,0.47066033640222893,0.4716567620109344,0.0006964534768339619,,5.880439599777398,39485,9238
mimic,cxr-foundation,random_forest,insurance,demographic,patient_balanced,f1,0.42824626148665434,0.42775696328295054,0.42873555969035815,0.0006839917244214842,,5.065612784416751,39485,9238
mimic,cxr-foundation,random_forest,insurance,demographic,patient_balanced,roc,0.7561577765214919,0.7558968433095847,0.756418709733399,0.00036475947841252057,,2.181920080746258,39485,9238
mimic,cxr-foundation,xgboost,insurance,demographic,per_radiograph,accuracy,0.6399670761048499,0.639032700540399,0.6409014516693009,0.001306166972918251,,0.0,39485,9238
mimic,cxr-foundation,xgboost,insurance,demographic,per_radiograph,precision,0.5254111238256027,0.523688047704085,0.5271341999471205,0.0024086943273960897,,0.0,39485,9238
mimic,cxr-foundation,xgboost,insurance,demographic,per_radiograph,recall,0.4856447993878241,0.484380765609138,0.48690883316651024,0.0017669973800556417,,0.0,39485,9238
mimic,cxr-foundation,xgboost,insurance,demographic,per_radiograph,f1,0.48718022917734227,0.48550376597414713,0.4888566923805374,0.0023435339606862806,,0.0,39485,9238
mimic,cxr-foundation,xgboost,insurance,demographic,per_radiograph,roc,0.7485496305929173,0.7476025607837818,0.7494967004020529,0.0013239123033656193,,0.0,39485,9238
mimic,cxr-foundation,xgboost,insurance,demographic,one_per_patient,accuracy,0.635614851699502,0.6339109581404362,0.6373187452585679,0.002381878954131028,0.0012715092237356477,-0.4352224405347882,39485,9238
mimic,cxr-foundation,xgboost,insurance,demographic,one_per_patient,precision,0.5465045431814556,0.5435562487969494,0.5494528375659617,0.004121431358005602,0.002114107090420195,2.109341935585285,39485,9238
mimic,cxr-foundation,xgboost,insurance,demographic,one_per_patient,recall,0.5265605855260762,0.5246497380751631,0.5284714329769893,0.0026711805462659964,0.0014672917818372947,4.091578613825209,39485,9238
mimic,cxr-foundation,xgboost,insurance,demographic,one_per_patient,f1,0.523934381051188,0.521610326771456,0.5262584353309199,0.0032488038631862475,0.0017001791136821056,3.6754151873845675,39485,9238
mimic,cxr-foundation,xgboost,insurance,demographic,one_per_patient,roc,0.7713593735080952,0.7705482681192254,0.7721704788969651,0.0011338471496954434,0.0011351309759580768,2.28097429151779,39485,9238
mimic,cxr-foundation,xgboost,insurance,demographic,patient_balanced,accuracy,0.6357108045943021,0.6340422721689222,0.637379337019682,0.002332447497762878,,-0.425627151054786,39485,9238
mimic,cxr-foundation,xgboost,insurance,demographic,patient_balanced,precision,0.5466188904801463,0.5436891772165312,0.5495486037437615,0.004095456742068357,,2.1207766654543603,39485,9238
mimic,cxr-foundation,xgboost,insurance,demographic,patient_balanced,recall,0.5266676335318015,0.5247877477114399,0.528547519352163,0.00262789917120366,,4.102283414397734,39485,9238
mimic,cxr-foundation,xgboost,insurance,demographic,patient_balanced,f1,0.5240518665344345,0.5217558979809876,0.5263478350878813,0.003209542725074645,,3.68716373570922,39485,9238
mimic,cxr-foundation,xgboost,insurance,demographic,patient_balanced,roc,0.7713980397774601,0.7706216821906435,0.7721743973642767,0.0010852730718297295,,2.2848409184542784,39485,9238
mimic,cxr-foundation,mlp,insurance,demographic,per_radiograph,accuracy,0.6461517031784221,0.6438017395452249,0.6485016668116192,0.0032850226418803577,,0.0,39485,9238
mimic,cxr-foundation,mlp,insurance,demographic,per_radiograph,precision,0.5330847105915433,0.5254914584312924,0.5406779627517941,0.01061463459244858,,0.0,39485,9238
mimic,cxr-foundation,mlp,insurance,demographic,per_radiograph,recall,0.4826763280429736,0.47103673992893025,0.494315916157017,0.016271022222064176,,0.0,39485,9238
mimic,cxr-foundation,mlp,insurance,demographic,per_radiograph,f1,0.46763565789281947,0.4445745080015436,0.49069680778409536,0.03223726464122763,,0.0,39485,9238
mimic,cxr-foundation,mlp,insurance,demographic,per_radiograph,roc,0.762160317270332,0.7608872643863502,0.7634333701543137,0.0017796052198906687,,0.0,39485,9238
mimic,cxr-foundation,mlp,insurance,demographic,one_per_patient,accuracy,0.6457427473479107,0.6379676210910812,0.6535178736047402,0.010868877048285892,0.0011958950210955344,-0.04089558305113705,39485,9238
mimic,cxr-foundation,mlp,insurance,demographic,one_per_patient,precision,0.5576033381275597,0.5465902834396215,0.5686163928154979,0.015395188885081894,0.008769646034542604,2.4518627536016413,39485,9238
mimic,cxr-foundation,mlp,insurance,demographic,one_per_patient,recall,0.5256718769350133,0.5140884396063635,0.537255314263663,0.016192528836561717,0.001206167679872765,4.299554889203966,39485,9238
mimic,cxr-foundation,mlp,insurance,demographic,one_per_patient,f1,0.5042228134495697,0.47890315967563246,0.5295424672235068,0.035394435367832836,0.0013123714742345402,3.6587155556750184,39485,9238
mimic,cxr-foundation,mlp,insurance,demographic,one_per_patient,roc,0.7814419665054004,0.7789136551820758,0.7839702778287251,0.003534335521415703,0.0010137175716311518,1.9281649235068477,39485,9238
mimic,cxr-foundation,mlp,insurance,demographic,patient_balanced,accuracy,0.6458126647104008,0.6379744638474698,0.6536508655733317,0.010957049267738179,,-0.03390384680213021,39485,9238
mimic,cxr-foundation,mlp,insurance,demographic,patient_balanced,precision,0.5594270144289911,0.5505594101415531,0.5682946187164292,0.012396056029104109,,2.6342303837447845,39485,9238
mimic,cxr-foundation,mlp,insurance,demographic,patient_balanced,recall,0.5257591423620495,0.5141961104810199,0.537322174243079,0.016164003987707454,,4.308281431907584,39485,9238
mimic,cxr-foundation,mlp,insurance,demographic,patient_balanced,f1,0.5043054287917845,0.47903222931946887,0.5295786282641002,0.03532949673198176,,3.666977089896506,39485,9238
mimic,cxr-foundation,mlp,insurance,demographic,patient_balanced,roc,0.7814893966595362,0.7789414934426201,0.7840372998764523,0.0035617231001578657,,1.9329079389204251,39485,9238
mimic,cxr-foundation,logistic_regression,disease,disease,per_radiograph,accuracy,0.8158034696720273,0.815602087152211,0.8160048521918436,0.00028151335107058726,,0.0,39485,9238
mimic,cxr-foundation,logistic_regression,disease,disease,per_radiograph,precision,0.7929299435150732,0.7926304272560288,0.7932294597741175,0.0004186948592193179,,0.0,39485,9238
mimic,cxr-foundation,logistic_regression,disease,disease,per_radiograph,recall,0.7663844614997538,0.7661098887416242,0.7666590342578834,0.000383826249290546,,0.0,39485,9238
mimic,cxr-foundation,logistic_regression,disease,disease,per_radiograph,f1,0.7769576776869501,0.7767143431543783,0.777201012219522,0.0003401582210709938,,0.0,39485,9238
mimic,cxr-foundation,logistic_regression,disease,disease,per_radiograph,roc,0.8609658332665109,0.8608274101969627,0.861104256336059,0.0001935021083733518,,0.0,39485,9238
mimic,cxr-foundation,logistic_regression,disease,disease,one_per_patient,accuracy,0.7894512340333406,0.789205704628352,0.7896967634383292,0.00034322644114183863,0.0023885678447463717,-2.6352235638686716,39485,9238
mimic,cxr-foundation,logistic_regression,disease,disease,one_per_patient,precision,0.7887335156361034,0.7884861814918377,0.7889808497803691,0.0003457492926889913,0.0023790407122047702,-0.41964278789697884,39485,9238
mimic,cxr-foundation,logistic_regression,disease,disease,one_per_patient,recall,0.7885635061964582,0.7883165866132679,0.7888104257796485,0.0003451697762660079,0.0024010086475920013,2.2179044696704397,39485,9238
mimic,cxr-foundation,logistic_regression,disease,disease,one_per_patient,f1,0.7886378464885889,0.7883923088445028,0.788883384132675,0.0003432379586059047,0.0023898158715823167,1.1680168801638802,39485,9238
mimic,cxr-foundation,logistic_regression,disease,disease,one_per_patient,roc,0.8661875125940325,0.8660671425123027,0.8663078826757623,0.00016826577156406057,0.0021730949874378762,0.52216793275216,39485,9238
mimic,cxr-foundation,logistic_regression,disease,disease,patient_balanced,accuracy,0.7898348296176463,0.7895874360408398,0.7900822231944528,0.0003458323736522085,,-2.5968640054381043,39485,9238
mimic,cxr-foundation,logistic_regression,disease,disease,patient_balanced,precision,0.789098570945888,0.7888498752062555,0.7893472666855205,0.000347652671765116,,-0.38313725691851985,39485,9238
mimic,cxr-foundation,logistic_regression,disease,disease,patient_balanced,recall,0.7889527927567254,0.7887022217657185,0.7892033637477323,0.00035027409242769237,,2.256833125697155,39485,9238
mimic,cxr-foundation,logistic_regression,disease,disease,patient_balanced,f1,0.7890215031981873,0.7887733396274413,0.7892696667689333,0.00034690875095849406,,1.2063825511237192,39485,9238
mimic,cxr-foundation,logistic_regression,disease,disease,patient_balanced,roc,0.8665225540921033,0.8664013536455814,0.8666437545386253,0.00016942654150314045,,0.5556720825592443,39485,9238
mimic,cxr-foundation,random_forest,disease,disease,per_radiograph,accuracy,0.8070077244523237,0.8067261396994653,0.8072893092051822,0.0003936283420222982,,0.0,39485,9238
mimic,cxr-foundation,random_forest,disease,disease,per_radiograph,precision,0.7931037340265962,0.7927554807618837,0.7934519872913086,0.00048682449529340315,,0.0,39485,9238
mimic,cxr-foundation,random_forest,disease,disease,per_radiograph,recall,0.73883858938191,0.7382798227118078,0.7393973560520123,0.0007811019442529877,,0.0,39485,9238
mimic,cxr-foundation,random_forest,disease,disease,per_radiograph,f1,0.7558542272163783,0.7553575146879737,0.7563509397447828,0.0006943562356726557,,0.0,39485,9238
mimic,cxr-foundation,random_forest,disease,disease,per_radiograph,roc,0.8547086917878752,0.8546349053905649,0.8547824781851856,0.00010314627103303357,,0.0,39485,9238
mimic,cxr-foundation,random_forest,disease,disease,one_per_patient,accuracy,0.7739897163888287,0.7734299308501833,0.7745495019274742,0.0007825262242656934,0.002513280047257017,-3.3018008063494975,39485,9238
mimic,cxr-foundation,random_forest,disease,disease,one_per_patient,precision,0.7757433935598148,0.7752296279717048,0.7762571591479248,0.0007181947693651396,0.0024650452941739364,-1.7360340466781365,39485,9238
mimic,cxr-foundation,random_forest,disease,disease,one_per_patient,recall,0.7704799329212685,0.7698765047525378,0.7710833610899992,0.0008435344143312917,0.0024758450039207764,3.1641343539358435,39485,9238
mimic,cxr-foundation,random_forest,disease,disease,one_per_patient,f1,0.7714725346672637,0.7708731103189926,0.7720719590155348,0.0008379374592643609,0.0025150901184534578,1.5618307450885438,39485,9238
mimic,cxr-foundation,random_forest,disease,disease,one_per_patient,roc,0.859115701600335,0.858949321551946,0.859282081648724,0.00023258326996810513,0.002271376182729791,0.44070098124597834,39485,9238
mimic,cxr-foundation,random_forest,disease,disease,patient_balanced,accuracy,0.7743242137353608,0.7737468604137759,0.7749015670569456,0.0008070842914240111,,-3.268351071696296,39485,9238
mimic,cxr-foundation,random_forest,disease,disease,patient_balanced,precision,0.7760392387082671,0.775505742802126,0.7765727346144081,0.0007457758521306722,,-1.7064495318329098,39485,9238
mimic,cxr-foundation,random_forest,disease,disease,patient_balanced,recall,0.7707917419676518,0.7701710859645635,0.77141239797074,0.0008676172661403736,,3.1953152585741718,39485,9238
mimic,cxr-foundation,random_forest,disease,disease,patient_balanced,f1,0.7718025023889842,0.7711859638970523,0.7724190408809161,0.0008618613824382402,,1.5948275172605886,39485,9238
mimic,cxr-foundation,random_forest,disease,disease,patient_balanced,roc,0.8592917958412075,0.8591230993030986,0.8594604923793164,0.00023582149930571566,,0.45831040533322875,39485,9238
mimic,cxr-foundation,xgboost,disease,disease,per_radiograph,accuracy,0.8071951373939472,0.8066066186361993,0.8077836561516951,0.0008226924949229812,,0.0,39485,9238
mimic,cxr-foundation,xgboost,disease,disease,per_radiograph,precision,0.7808371199638883,0.7801309192176135,0.7815433207101631,0.0009872005712996507,,0.0,39485,9238
mimic,cxr-foundation,xgboost,disease,disease,per_radiograph,recall,0.759028717241893,0.7581528784642262,0.7599045560195599,0.0012243381874629848,,0.0,39485,9238
mimic,cxr-foundation,xgboost,disease,disease,per_radiograph,f1,0.7679546025485176,0.7671597558910861,0.768749449205949,0.0011111190103537372,,0.0,39485,9238
mimic,cxr-foundation,xgboost,disease,disease,per_radiograph,roc,0.8517393228571247,0.8511481574014106,0.8523304883128389,0.000826392323559661,,0.0,39485,9238
mimic,cxr-foundation,xgboost,disease,disease,one_per_patient,accuracy,0.7777780363715089,0.7767761792380773,0.7787798935049405,0.0014004997016802442,0.0022181675057350264,-2.941710102243833,39485,9238
mimic,cxr-foundation,xgboost,disease,disease,one_per_patient,precision,0.7769873085861208,0.7759837206193791,0.7779908965528624,0.001402919239809382,0.0022013290327978796,-0.384981137776752,39485,9238
mimic,cxr-foundation,xgboost,disease,disease,one_per_patient,recall,0.7771087775341816,0.776104344563386,0.7781132105049773,0.0014041004740255093,0.0022281115870813064,1.8080060292288591,39485,9238
mimic,cxr-foundation,xgboost,disease,disease,one_per_patient,f1,0.7770349144352531,0.7760310608461547,0.7780387680243515,0.0014032905542604108,0.0022124084616780924,0.9080311886735526,39485,9238
mimic,cxr-foundation,xgboost,disease,disease,one_per_patient,roc,0.8558636241199574,0.8550585407865858,0.856668707453329,0.001125428896585879,0.0021307782689641208,0.4124301262832697,39485,9238
mimic,cxr-foundation,xgboost,disease,disease,patient_balanced,accuracy,0.7780860942954552,0.7770881236510182,0.7790840649398921,0.0013950667646915804,,-2.910904309849205,39485,9238
mimic,cxr-foundation,xgboost,disease,disease,patient_balanced,precision,0.7772795869948095,0.7762801976998945,0.7782789762897244,0.0013970499013134863,,-0.35575329690787916,39485,9238
mimic,cxr-foundation,xgboost,disease,disease,patient_balanced,recall,0.7774174658206897,0.7764182970884476,0.7784166345529319,0.0013967415759573946,,1.8388748578796688,39485,9238
mimic,cxr-foundation,xgboost,disease,disease,patient_balanced,f1,0.7773400868616677,0.7763406854395207,0.7783394882838146,0.001397066854014811,,0.9385484313150116,39485,9238
mimic,cxr-foundation,xgboost,disease,disease,patient_balanced,roc,0.8560753543274453,0.8552667766564155,0.8568839319984751,0.0011303136438065287,,0.4336031470320578,39485,9238
mimic,cxr-foundation,mlp,disease,disease,per_radiograph,accuracy,0.8152184373812841,0.8140240019045757,0.8164128728579925,0.0016697056625994305,,0.0,39485,9238
mimic,cxr-foundation,mlp,disease,disease,per_radiograph,precision,0.7957788647742179,0.7945302799529441,0.7970274495954917,0.0017454012267466522,,0.0,39485,9238
mimic,cxr-foundation,mlp,disease,disease,per_radiograph,recall,0.7597799519934904,0.755485145015007,0.7640747589719737,0.006003726171553002,,0.0,39485,9238
mimic,cxr-foundation,mlp,disease,disease,per_radiograph,f1,0.7729663346789674,0.7699388855572655,0.7759937838006692,0.004232082050734032,,0.0,39485,9238
mimic,cxr-foundation,mlp,disease,disease,per_radiograph,roc,0.8641249887186987,0.8632705938481926,0.8649793835892048,0.0011943616722698757,,0.0,39485,9238
mimic,cxr-foundation,mlp,disease,disease,one_per_patient,accuracy,0.7854267157393375,0.7830503702189366,0.7878030612597384,0.0033219019771924345,0.002273019373213083,-2.9791721641946545,39485,9238
mimic,cxr-foundation,mlp,disease,disease,one_per_patient,precision,0.7854869607844304,0.7835501723730344,0.7874237491958264,0.0027074435085241134,0.0022498486794392445,-1.029190398978752,39485,9238
mimic,cxr-foundation,mlp,disease,disease,one_per_patient,recall,0.7834811035978195,0.7805024417319298,0.7864597654637092,0.004163882169802193,0.002269773680805333,2.3701151604329174,39485,9238
mimic,cxr-foundation,mlp,disease,disease,one_per_patient,f1,0.7840150566626647,0.7812947209928414,0.786735392332488,0.0038027670482399406,0.002273062173708667,1.104872198369733,39485,9238
mimic,cxr-foundation,mlp,disease,disease,one_per_patient,roc,0.8674815783120617,0.866705262547468,0.8682578940766554,0.0010852146083935301,0.0021105386839948724,0.33565895933630463,39485,9238
mimic,cxr-foundation,mlp,disease,disease,patient_balanced,accuracy,0.7857981830091302,0.783467700958964,0.7881286650592964,0.003257789266668793,,-2.94202543721539,39485,9238
mimic,cxr-foundation,mlp,disease,disease,patient_balanced,precision,0.7858269126186299,0.7839301345035945,0.7877236907336653,0.002651512970878224,,-0.9951952155587973,39485,9238
mimic,cxr-foundation,mlp,disease,disease,patient_balanced,recall,0.7838489026417541,0.7809124030088037,0.7867854022747045,0.0041049434322485085,,2.4068950648263754,39485,9238
mimic,cxr-foundation,mlp,disease,disease,patient_balanced,f1,0.7843868503379134,0.7817131339676254,0.7870605667082015,0.0037375977612098777,,1.1420515658946084,39485,9238
mimic,cxr-foundation,mlp,disease,disease,patient_balanced,roc,0.8677415624254383,0.8669772776675894,0.8685058471832873,0.0010683964206552826,,0.3616573706739623,39485,9238
mimic,medclip,logistic_regression,race-bin,demographic,per_radiograph,accuracy,0.7383886736063623,0.7381074958593443,0.7386698513533803,0.00039305938708939956,,0.0,39483,9238
mimic,medclip,logistic_regression,race-bin,demographic,per_radiograph,precision,0.689784209629383,0.6891264881256194,0.6904419311331467,0.000919431263272623,,0.0,39483,9238
mimic,medclip,logistic_regression,race-bin,demographic,per_radiograph,recall,0.614691858612525,0.6140443060479588,0.6153394111770911,0.000905216066477376,,0.0,39483,9238
mimic,medclip,logistic_regression,race-bin,demographic,per_radiograph,f1,0.6223282598602755,0.621529176426961,0.62312734329359,0.0011170416146475547,,0.0,39483,9238
mimic,medclip,logistic_regression,race-bin,demographic,per_radiograph,roc,0.7128796426315145,0.7124153048059052,0.7133439804571238,0.0006490995218222588,,0.0,39483,9238
mimic,medclip,logistic_regression,race-bin,demographic,one_per_patient,accuracy,0.7361563650140723,0.7356118360709405,0.7367008939572042,0.0007611989743491082,0.0018480820615812592,-0.22323085922899555,39483,9238
mimic,medclip,logistic_regression,race-bin,demographic,one_per_patient,precision,0.6989406217145513,0.6979909732757351,0.6998902701533675,0.0013275169791002977,0.0027712237535729555,0.9156412085168264,39483,9238
mimic,medclip,logistic_regression,race-bin,demographic,one_per_patient,recall,0.652717780591624,0.6520501217602153,0.6533854394230327,0.0009333226894431533,0.0022946489679938043,3.802592197909904,39483,9238
mimic,medclip,logistic_regression,race-bin,demographic,one_per_patient,f1,0.6626622674789291,0.6619677744876182,0.66335676047024,0.0009708342583920775,0.0025153787696083345,4.033400761865358,39483,9238
mimic,medclip,logistic_regression,race-bin,demographic,one_per_patient,roc,0.7380901937370214,0.7378485473316668,0.7383318401423761,0.00033779838194307487,0.0027805809886959298,2.521055110550696,39483,9238
mimic,medclip,logistic_regression,race-bin,demographic,patient_balanced,accuracy,0.736059262410283,0.7355130419252208,0.7366054828953451,0.0007635635869167617,,-0.2329411196079323,39483,9238
mimic,medclip,logistic_regression,race-bin,demographic,patient_balanced,precision,0.698819399587278,0.6978664945087089,0.6997723046658472,0.001332069447561398,,0.9035189957894985,39483,9238
mimic,medclip,logistic_regression,race-bin,demographic,patient_balanced,recall,0.6525205979716177,0.6518524578585413,0.653188738084694,0.0009339954748227947,,3.78287393590927,39483,9238
mimic,medclip,logistic_regression,race-bin,demographic,patient_balanced,f1,0.6624581067486369,0.6617624490917969,0.6631537644054769,0.0009724623485375558,,4.012984688836141,39483,9238
mimic,medclip,logistic_regression,race-bin,demographic,patient_balanced,roc,0.7383122099314696,0.7380708402552256,0.7385535796077136,0.0003374115413208665,,2.5432567299955133,39483,9238
mimic,medclip,random_forest,race-bin,demographic,per_radiograph,accuracy,0.7186941215206545,0.718355830738828,0.7190324123024809,0.0004728979045208569,,0.0,39483,9238
mimic,medclip,random_forest,race-bin,demographic,per_radiograph,precision,0.6844354179400167,0.6825275972206699,0.6863432386593635,0.0026669494672885213,,0.0,39483,9238
mimic,medclip,random_forest,race-bin,demographic,per_radiograph,recall,0.5459802119344797,0.5455568824637074,0.5464035414052519,0.0005917737946310515,,0.0,39483,9238
mimic,medclip,random_forest,race-bin,demographic,per_radiograph,f1,0.5156436003591837,0.5149275924963923,0.516359608221975,0.0010009099748637532,,0.0,39483,9238
mimic,medclip,random_forest,race-bin,demographic,per_radiograph,roc,0.640856393609646,0.6402083898352218,0.6415043973840702,0.0009058468143658932,,0.0,39483,9238
mimic,medclip,random_forest,race-bin,demographic,one_per_patient,accuracy,0.7075123403334056,0.7069091252800853,0.7081155553867259,0.0008432364995300864,0.0010828095341284486,-1.1181781187248885,39483,9238
mimic,medclip,random_forest,race-bin,demographic,one_per_patient,precision,0.6751880487709008,0.6735245925419528,0.6768515049998487,0.0023253514644549253,0.0027856959295025786,-0.9247369169115949,39483,9238
mimic,medclip,random_forest,race-bin,demographic,one_per_patient,recall,0.5759842262661448,0.5751768588215317,0.5767915937107578,0.0011286218639318419,0.0014220890812844406,3.0004014331665108,39483,9238
mimic,medclip,random_forest,race-bin,demographic,one_per_patient,f1,0.5641860602346505,0.5630215735250583,0.5653505469442426,0.0016278401729878517,0.001980687101706754,4.85424598754668,39483,9238
mimic,medclip,random_forest,race-bin,demographic,one_per_patient,roc,0.6765578468828147,0.6760769499737346,0.6770387437918949,0.0006722475243540099,0.0025502355599845484,3.570145327316876,39483,9238
mimic,medclip,random_forest,race-bin,demographic,patient_balanced,accuracy,0.7074090740887935,0.706813747921957,0.70800440025563,0.0008322085966501532,,-1.1285047431860984,39483,9238
mimic,medclip,random_forest,race-bin,demographic,patient_balanced,precision,0.6750209442522151,0.6733806635873654,0.6766612249170649,0.0022929542597811344,,-0.9414473687801572,39483,9238
mimic,medclip,random_forest,race-bin,demographic,patient_balanced,recall,0.5757787185228563,0.574974336326787,0.5765831007189257,0.0011244487742213495,,2.9798506588376683,39483,9238
mimic,medclip,random_forest,race-bin,demographic,patient_balanced,f1,0.5638777142305106,0.5627135567061439,0.5650418717548773,0.0016273800037735777,,4.823411387132692,39483,9238
mimic,medclip,random_forest,race-bin,demographic,patient_balanced,roc,0.6765444539214163,0.6760713276472327,0.6770175801955999,0.0006613849257944373,,3.5688060311770298,39483,9238
mimic,medclip,xgboost,race-bin,demographic,per_radiograph,accuracy,0.7317757009345793,0.7309431419169842,0.7326082599521745,0.0011638372546986264,,0.0,39483,9238
mimic,medclip,xgboost,race-bin,demographic,per_radiograph,precision,0.6764103081744802,0.6746876553484928,0.6781329610004676,0.002408102601046965,,0.0,39483,9238
mimic,medclip,xgboost,race-bin,demographic,per_radiograph,recall,0.6075619216418933,0.6066882925451171,0.6084355507386694,0.0012212492665728773,,0.0,39483,9238
mimic,medclip,xgboost,race-bin,demographic,per_radiograph,f1,0.6137796371870465,0.6127250923071237,0.6148341820669694,0.0014741520926060132,,0.0,39483,9238
mimic,medclip,xgboost,race-bin,demographic,per_radiograph,roc,0.6962067426736465,0.6950646368129383,0.6973488485343546,0.0015965539035794683,,0.0,39483,9238
mimic,medclip,xgboost,race-bin,demographic,one_per_patient,accuracy,0.7296907880493613,0.7286913454909103,0.7306902306078122,0.0013971243586026593,0.001287493382678556,-0.20849128852180598,39483,9238
mimic,medclip,xgboost,race-bin,demographic,one_per_patient,precision,0.6888683903208233,0.6872425155891061,0.6904942650525404,0.002272816153876135,0.0018954239291013497,1.245808214634303,39483,9238
mimic,medclip,xgboost,race-bin,demographic,one_per_patient,recall,0.6468698400302084,0.646143313805597,0.6475963662548199,0.0010156136308038983,0.0016003881602519698,3.9307918388315155,39483,9238
mimic,medclip,xgboost,race-bin,demographic,one_per_patient,f1,0.6559598872589023,0.6551295810567292,0.6567901934610754,0.001160688035891583,0.0017509553251437793,4.218025007185577,39483,9238
mimic,medclip,xgboost,race-bin,demographic,one_per_patient,roc,0.7275211856780354,0.7258400762130014,0.7292022951430693,0.0023500289868752405,0.00220208333557059,3.1314443004388903,39483,9238
mimic,medclip,xgboost,race-bin,demographic,patient_balanced,accuracy,0.7296342864136593,0.7286621738466956,0.7306063989806231,0.001358919664891767,,-0.2141414520919982,39483,9238
mimic,medclip,xgboost,race-bin,demographic,patient_balanced,precision,0.6887893483318808,0.6872031711508816,0.69037552551288,0.002217322804492558,,1.2379040157400545,39483,9238
mimic,medclip,xgboost,race-bin,demographic,patient_balanced,recall,0.6467624682306304,0.6460698870994569,0.647455049361804,0.0009681616622078355,,3.9200546588737173,39483,9238
mimic,medclip,xgboost,race-bin,demographic,patient_balanced,f1,0.6558493384994766,0.6550566717111563,0.6566420052877968,0.0011080717634578457,,4.206970131243004,39483,9238
mimic,medclip,xgboost,race-bin,demographic,patient_balanced,roc,0.7275646772872479,0.7258903202390516,0.7292390343354442,0.0023405897590141325,,3.135793461360148,39483,9238
mimic,medclip,mlp,race-bin,demographic,per_radiograph,accuracy,0.7536230782868577,0.7528301460519932,0.7544160105217222,0.0011084428321398382,,0.0,39483,9238
mimic,medclip,mlp,race-bin,demographic,per_radiograph,precision,0.71361134368844,0.7089889077157704,0.7182337796611097,0.006461719924662282,,0.0,39483,9238
mimic,medclip,mlp,race-bin,demographic,per_radiograph,recall,0.6429131356425872,0.6366707063707988,0.6491555649143756,0.008726314402688045,,0.0,39483,9238
mimic,medclip,mlp,race-bin,demographic,per_radiograph,f1,0.6551215455125414,0.6478477328025611,0.6623953582225217,0.010168089032328204,,0.0,39483,9238
mimic,medclip,mlp,race-bin,demographic,per_radiograph,roc,0.7422623857513152,0.7405100885207118,0.7440146829819186,0.002449542621221282,,0.0,39483,9238
mimic,medclip,mlp,race-bin,demographic,one_per_patient,accuracy,0.755587140073609,0.7543700447690189,0.7568042353781992,0.0017013819177556344,0.0017259830137214783,0.19640617867513477,39483,9238
mimic,medclip,mlp,race-bin,demographic,one_per_patient,precision,0.724478040587575,0.7196651170793511,0.729290964095799,0.006728003137922366,0.002384070675353053,1.0866696899134998,39483,9238
mimic,medclip,mlp,race-bin,demographic,one_per_patient,recall,0.6835995912269087,0.6785957984627803,0.6886033839910372,0.006994819959437195,0.0021910101503681946,4.068645558432149,39483,9238
mimic,medclip,mlp,race-bin,demographic,one_per_patient,f1,0.6946909628285891,0.6903312291244789,0.6990506965326994,0.006094487475572571,0.0023100645469767344,3.9569417316047684,39483,9238
mimic,medclip,mlp,race-bin,demographic,one_per_patient,roc,0.7695283103032803,0.768140280362287,0.7709163402442736,0.0019403320627422271,0.002335927846734631,2.726592455196508,39483,9238
mimic,medclip,mlp,race-bin,demographic,patient_balanced,accuracy,0.7555547285778592,0.7543508349496869,0.7567586222060315,0.0016829272466573771,,0.19316502910015076,39483,9238
mimic,medclip,mlp,race-bin,demographic,patient_balanced,precision,0.7244236538738161,0.7196535034297269,0.7291938043179054,0.006668210517236504,,1.0812310185376095,39483,9238
mimic,medclip,mlp,race-bin,demographic,patient_balanced,recall,0.683560411004399,0.6785387912468123,0.6885820307619858,0.007019740377915037,,4.064727536181179,39483,9238
mimic,medclip,mlp,race-bin,demographic,patient_balanced,f1,0.6946521104767343,0.6902715431257703,0.6990326778276982,0.006123610905680366,,3.9530564964192827,39483,9238
mimic,medclip,mlp,race-bin,demographic,patient_balanced,roc,0.7698072135864705,0.7684178396261853,0.7711965875467558,0.0019422108721600122,,2.7544827835155328,39483,9238
mimic,medclip,logistic_regression,race-cls,demographic,per_radiograph,accuracy,0.719608439075045,0.719315663699426,0.719901214450664,0.0004092717539568548,,0.0,39483,9238
mimic,medclip,logistic_regression,race-cls,demographic,per_radiograph,precision,0.36223569081657814,0.3477335091229578,0.37673787251019847,0.020272652115637363,,0.0,39483,9238
mimic,medclip,logistic_regression,race-cls,demographic,per_radiograph,recall,0.301586218963971,0.30109761737073154,0.3020748205572104,0.0006830179301399064,,0.0,39483,9238
mimic,medclip,logistic_regression,race-cls,demographic,per_radiograph,f1,0.29223567589380933,0.2916199519002955,0.29285139988732317,0.0008607227921608806,,0.0,39483,9238
mimic,medclip,logistic_regression,race-cls,demographic,per_radiograph,roc,0.6958113219817486,0.695200895942803,0.6964217480206941,0.0008533167623539638,,0.0,39483,9238
mimic,medclip,logistic_regression,race-cls,demographic,one_per_patient,accuracy,0.7074756982030743,0.7070980150549369,0.7078533813512118,0.0005279646355208355,0.001285421359590831,-1.2132740871970693,39483,9238
mimic,medclip,logistic_regression,race-cls,demographic,one_per_patient,precision,0.42894118739391984,0.4006114063948983,0.4572709683929414,0.039602303076785174,0.044275358831078526,6.6705496577341705,39483,9238
mimic,medclip,logistic_regression,race-cls,demographic,one_per_patient,recall,0.3209890549069617,0.32024540902787163,0.3217327007860518,0.0010395452575699875,0.0015288259685930937,1.9402835942990748,39483,9238
mimic,medclip,logistic_regression,race-cls,demographic,one_per_patient,f1,0.30964311425889235,0.30882611808842947,0.31046011042935523,0.0011420818945392017,0.0017214805383244396,1.7407438365083017,39483,9238
mimic,medclip,logistic_regression,race-cls,demographic,one_per_patient,roc,0.7123584167808719,0.7119695085439921,0.7127473250177516,0.0005436562275755825,0.002464914611607317,1.6547094799123307,39483,9238
mimic,medclip,logistic_regression,race-cls,demographic,patient_balanced,accuracy,0.7075144571891191,0.7071255707002011,0.7079033436780371,0.0005436258260212885,,-1.209398188592592,39483,9238
mimic,medclip,logistic_regression,race-cls,demographic,patient_balanced,precision,0.41854361865089695,0.39256456378528737,0.44452267351650654,0.036316214533103304,,5.630792783431882,39483,9238
mimic,medclip,logistic_regression,race-cls,demographic,patient_balanced,recall,0.32101371417987423,0.3202515130965764,0.32177591526317206,0.0010654836444820173,,1.9427495215903257,39483,9238
mimic,medclip,logistic_regression,race-cls,demographic,patient_balanced,f1,0.30969354073486405,0.3088537342598957,0.3105333472098324,0.001173968501510532,,1.7457864841054715,39483,9238
mimic,medclip,logistic_regression,race-cls,demographic,patient_balanced,roc,0.7128055541704591,0.7124221549144104,0.7131889534265078,0.0005359552033946145,,1.6994232188710545,39483,9238
mimic,medclip,random_forest,race-cls,demographic,per_radiograph,accuracy,0.710042296684649,0.7098190524241236,0.7102655409451745,0.00031207395728855485,,0.0,39483,9238
mimic,medclip,random_forest,race-cls,demographic,per_radiograph,precision,0.32550957900556315,0.3241032837407796,0.3269158742703467,0.0019658652247728173,,0.0,39483,9238
mimic,medclip,random_forest,race-cls,demographic,per_radiograph,recall,0.2663857046551646,0.26601059985411973,0.26676080945620945,0.0005243603548170186,,0.0,39483,9238
mimic,medclip,random_forest,race-cls,demographic,per_radiograph,f1,0.239755725359411,0.2390659443544531,0.2404455063643689,0.0009642473556677231,,0.0,39483,9238
mimic,medclip,random_forest,race-cls,demographic,per_radiograph,roc,0.624240451393103,0.6237427317257298,0.6247381710604762,0.0006957641188710075,,0.0,39483,9238
mimic,medclip,random_forest,race-cls,demographic,one_per_patient,accuracy,0.6919034964277982,0.6915442724163469,0.6922627204392496,0.0005021605417440332,0.0007186390270348813,-1.8138800256850773,39483,9238
mimic,medclip,random_forest,race-cls,demographic,one_per_patient,precision,0.3128003160599372,0.31108336969094946,0.3145172624289249,0.0024001255242173183,0.002218256642799165,-1.2709262945625965,39483,9238
mimic,medclip,random_forest,race-cls,demographic,one_per_patient,recall,0.27896798528656075,0.2784869884881999,0.2794489820849216,0.0006723871599398167,0.0008105824464129659,1.2582280631396159,39483,9238
mimic,medclip,random_forest,race-cls,demographic,one_per_patient,f1,0.25725995048297456,0.2565073792190481,0.25801252174690104,0.0010520220852369053,0.0012215200369286787,1.750422512356356,39483,9238
mimic,medclip,random_forest,race-cls,demographic,one_per_patient,roc,0.6532619856830825,0.6527811259751086,0.6537428453910563,0.0006721955207931797,0.0021584259772721593,2.9021534289979445,39483,9238
mimic,medclip,random_forest,race-cls,demographic,patient_balanced,accuracy,0.6918142514102462,0.6914521414276826,0.6921763613928098,0.000506194851174769,,-1.8228045274402804,39483,9238
mimic,medclip,random_forest,race-cls,demographic,patient_balanced,precision,0.3125964784601468,0.3108809647819353,0.31431199213835836,0.002398122760611867,,-1.2913100545416334,39483,9238
mimic,medclip,random_forest,race-cls,demographic,patient_balanced,recall,0.2788343944836359,0.2783518815324735,0.2793169074347983,0.0006745065954116726,,1.2448689828471304,39483,9238
mimic,medclip,random_forest,race-cls,demographic,patient_balanced,f1,0.2570587873539957,0.25630339657766277,0.2578141781303286,0.0010559634918030744,,1.7303061994584672,39483,9238
mimic,medclip,random_forest,race-cls,demographic,patient_balanced,roc,0.6533404625671233,0.6528537414149375,0.6538271837193091,0.000680389254806125,,2.910001117402028,39483,9238
mimic,medclip,xgboost,race-cls,demographic,per_radiograph,accuracy,0.7207380391560925,0.720232212027503,0.721243866284682,0.0007070975681580955,,0.0,39483,9238
mimic,medclip,xgboost,race-cls,demographic,per_radiograph,precision,0.40032776108121393,0.38894833773903703,0.4117071844233908,0.015907336948757133,,0.0,39483,9238
mimic,medclip,xgboost,race-cls,demographic,per_radiograph,recall,0.3034756473777085,0.30288995467491486,0.3040613400805021,0.0008187419425054983,,0.0,39483,9238
mimic,medclip,xgboost,race-cls,demographic,per_radiograph,f1,0.2963286035702032,0.29536073549573755,0.2972964716446688,0.0013529862735139583,,0.0,39483,9238
mimic,medclip,xgboost,race-cls,demographic,per_radiograph,roc,0.6728253973532308,0.6718080456855519,0.6738427490209097,0.0014221595670112317,,0.0,39483,9238
mimic,medclip,xgboost,race-cls,demographic,one_per_patient,accuracy,0.7102968716172331,0.7095376398155832,0.711056103418883,0.0010613328749528523,0.0010179773776600118,-1.0441167538859375,39483,9238
mimic,medclip,xgboost,race-cls,demographic,one_per_patient,precision,0.4176061361707527,0.4012647155973884,0.433947556744117,0.022843730781891183,0.01131116085962814,1.7278375089538778,39483,9238
mimic,medclip,xgboost,race-cls,demographic,one_per_patient,recall,0.33199693145566045,0.3309211424012877,0.33307272051003317,0.0015038494007217431,0.0012307541314336957,2.852128407795196,39483,9238
mimic,medclip,xgboost,race-cls,demographic,one_per_patient,f1,0.32377379335628537,0.32214064518246466,0.3254069415301061,0.0022829837248364102,0.0014594147901733634,2.744518978608218,39483,9238
mimic,medclip,xgboost,race-cls,demographic,one_per_patient,roc,0.7007396777562298,0.6996742419570985,0.7018051135553611,0.001489376547863616,0.0021287100321581136,2.7914280402999037,39483,9238
mimic,medclip,xgboost,race-cls,demographic,patient_balanced,accuracy,0.7102167428702058,0.7094732045879316,0.7109602811524799,0.0010393948475926817,,-1.0521296285886717,39483,9238
mimic,medclip,xgboost,race-cls,demographic,patient_balanced,precision,0.41607352936572656,0.40053486126867927,0.43161219746277385,0.02172156019879194,,1.574576828451263,39483,9238
mimic,medclip,xgboost,race-cls,demographic,patient_balanced,recall,0.33182491483626325,0.33078365191542214,0.33286617775710436,0.0014555851940822788,,2.8349267458554763,39483,9238
mimic,medclip,xgboost,race-cls,demographic,patient_balanced,f1,0.32356965093095746,0.3219759118771656,0.3251633899847493,0.0022278935737538425,,2.724104736075428,39483,9238
mimic,medclip,xgboost,race-cls,demographic,patient_balanced,roc,0.7009038930437819,0.6998275628788944,0.7019802232086694,0.0015046058210627029,,2.8078495690551097,39483,9238
mimic,medclip,mlp,race-cls,demographic,per_radiograph,accuracy,0.7317782336701871,0.731093688077085,0.7324627792632893,0.0009569287545443315,,0.0,39483,9238
mimic,medclip,mlp,race-cls,demographic,per_radiograph,precision,0.45794037202093224,0.43893583476300957,0.4769449092788549,0.026566511204174297,,0.0,39483,9238
mimic,medclip,mlp,race-cls,demographic,per_radiograph,recall,0.3317850045410524,0.32971056069109717,0.3338594483910077,0.002899872542768283,,0.0,39483,9238
mimic,medclip,mlp,race-cls,demographic,per_radiograph,f1,0.3263563939132243,0.3232777667824681,0.3294350210439805,0.004303623974249217,,0.0,39483,9238
mimic,medclip,mlp,race-cls,demographic,per_radiograph,roc,0.7088677591927843,0.7075972541845128,0.7101382642010559,0.0017760435352423111,,0.0,39483,9238
mimic,medclip,mlp,race-cls,demographic,one_per_patient,accuracy,0.7232026953886124,0.7220165500453246,0.7243888407319001,0.0016581168551786476,0.0013239127731183907,-0.8575538281574757,39483,9238
mimic,medclip,mlp,race-cls,demographic,one_per_patient,precision,0.44287554677964935,0.43035160814049117,0.45539948541880754,0.017507259011996342,0.021769714889846217,-1.5064825241282886,39483,9238
mimic,medclip,mlp,race-cls,demographic,one_per_patient,recall,0.36251339675781086,0.3602692174089305,0.36475757610669124,0.0031371464091477577,0.0015102838627240446,3.072839221675844,39483,9238
mimic,medclip,mlp,race-cls,demographic,one_per_patient,f1,0.34711601212532195,0.3442306945557813,0.3500013296948626,0.004033395841135077,0.0016251061799482558,2.0759618212097655,39483,9238
mimic,medclip,mlp,race-cls,demographic,one_per_patient,roc,0.7297372041192857,0.7290033766844812,0.7304710315540901,0.0010258200188764948,0.0019447922327732944,2.0869444926501335,39483,9238
mimic,medclip,mlp,race-cls,demographic,patient_balanced,accuracy,0.7231959332344162,0.7219990580897265,0.7243928083791059,0.001673116083273193,,-0.8582300435770907,39483,9238
mimic,medclip,mlp,race-cls,demographic,patient_balanced,precision,0.4437916989587375,0.4322509049994774,0.4553324929179976,0.016132917516628008,,-1.414867306219475,39483,9238
mimic,medclip,mlp,race-cls,demographic,patient_balanced,recall,0.3624811053119642,0.36029023398998905,0.36467197663393935,0.0030626269259932774,,3.0696100770911783,39483,9238
mimic,medclip,mlp,race-cls,demographic,patient_balanced,f1,0.3470435805636206,0.34424289284459647,0.34984426828264475,0.003915091467740415,,2.068718665039632,39483,9238
mimic,medclip,mlp,race-cls,demographic,patient_balanced,roc,0.7301226524339496,0.7293881589254704,0.7308571459424288,0.0010267511256697992,,2.125489324116525,39483,9238
mimic,medclip,logistic_regression,gender,demographic,per_radiograph,accuracy,0.7972418509231821,0.7970282843773175,0.7974554174690467,0.0002985454450453156,,0.0,39483,9238
mimic,medclip,logistic_regression,gender,demographic,per_radiograph,precision,0.7972591821993631,0.7970419220161875,0.7974764423825387,0.0003037087939696807,,0.0,39483,9238
mimic,medclip,logistic_regression,gender,demographic,per_radiograph,recall,0.7963820854211815,0.7961636580565514,0.7966005127858116,0.00030534040113624404,,0.0,39483,9238
mimic,medclip,logistic_regression,gender,demographic,per_radiograph,f1,0.7966660996835221,0.7964502988779205,0.7968819004891237,0.0003016687247933421,,0.0,39483,9238
mimic,medclip,logistic_regression,gender,demographic,per_radiograph,roc,0.8710971446829074,0.8709833615431847,0.8712109278226302,0.00015905786156569535,,0.0,39483,9238
mimic,medclip,logistic_regression,gender,demographic,one_per_patient,accuracy,0.8314141047845854,0.8311418222821291,0.8316863872870418,0.0003806246926212953,0.002155315224247457,3.4172253861403323,39483,9238
mimic,medclip,logistic_regression,gender,demographic,one_per_patient,precision,0.8306408075838103,0.8303641519038294,0.8309174632637912,0.0003867379732620827,0.002164600660978454,3.338162538444722,39483,9238
mimic,medclip,logistic_regression,gender,demographic,one_per_patient,recall,0.8309516914212391,0.8306925210701209,0.8312108617723574,0.00036229516895508647,0.0021590649396858647,3.456960600005765,39483,9238
mimic,medclip,logistic_regression,gender,demographic,one_per_patient,f1,0.8307783922277897,0.830510659685356,0.8310461247702234,0.0003742642870887063,0.0021607245898285364,3.411229254426762,39483,9238
mimic,medclip,logistic_regression,gender,demographic,one_per_patient,roc,0.9015512610757768,0.9014222990025438,0.9016802231490098,0.0001802765474875927,0.0018024032182113242,3.0454116392869324,39483,9238
mimic,medclip,logistic_regression,gender,demographic,patient_balanced,accuracy,0.8313753390346783,0.831102185678388,0.8316484923909686,0.0003818420623379612,,3.413348811149619,39483,9238
mimic,medclip,logistic_regression,gender,demographic,patient_balanced,precision,0.830595670589428,0.8303182610635939,0.8308730801152621,0.0003877917771001852,,3.3336488390064867,39483,9238
mimic,medclip,logistic_regression,gender,demographic,patient_balanced,recall,0.8309115353652373,0.8306514359475663,0.8311716347829083,0.0003635939144414504,,3.4529449944055823,39483,9238
mimic,medclip,logistic_regression,gender,demographic,patient_balanced,f1,0.8307398753570681,0.830471241440944,0.8310085092731921,0.00037552432062277845,,3.407377567354597,39483,9238
mimic,medclip,logistic_regression,gender,demographic,patient_balanced,roc,0.9014868639068278,0.9013576005384999,0.9016161272751556,0.0001806977289877869,,3.038971922392031,39483,9238
mimic,medclip,random_forest,gender,demographic,per_radiograph,accuracy,0.6771876503811767,0.6749866315031352,0.6793886692592181,0.0030768122312323327,,0.0,39483,9238
mimic,medclip,random_forest,gender,demographic,per_radiograph,precision,0.7071079214965963,0.7058376774022805,0.708378165590912,0.0017756788026821527,,0.0,39483,9238
mimic,medclip,random_forest,gender,demographic,per_radiograph,recall,0.6689767409793068,0.6665630203887524,0.6713904615698613,0.003374148722615169,,0.0,39483,9238
mimic,medclip,random_forest,gender,demographic,per_radiograph,f1,0.6583089401398186,0.6550611375379329,0.6615567427417042,0.00454011497575243,,0.0,39483,9238
mimic,medclip,random_forest,gender,demographic,per_radiograph,roc,0.7686713696471728,0.7678159695561253,0.7695267697382202,0.0011957668736917713,,0.0,39483,9238
mimic,medclip,random_forest,gender,demographic,one_per_patient,accuracy,0.7137371184239013,0.7114812656609943,0.7159929711868083,0.0031534647167349994,0.002126131983758182,3.654946804272463,39483,9238
mimic,medclip,random_forest,gender,demographic,one_per_patient,precision,0.7316490356886144,0.7302044819328823,0.7330935894443464,0.002019346907312257,0.002115685525570486,2.45411141920181,39483,9238
mimic,medclip,random_forest,gender,demographic,one_per_patient,recall,0.7217248933374003,0.7197051703995478,0.7237446162752528,0.0028233779822982807,0.002093638524356731,5.274815235809349,39483,9238
mimic,medclip,random_forest,gender,demographic,one_per_patient,f1,0.7120793419594966,0.7096389546865122,0.7145197292324811,0.0034114261742015824,0.002171138363042416,5.377040181967807,39483,9238
mimic,medclip,random_forest,gender,demographic,one_per_patient,roc,0.8181827860873561,0.8173338571513843,0.8190317150233278,0.0011867208226624538,0.002120836812542265,4.951141644018331,39483,9238
mimic,medclip,random_forest,gender,demographic,patient_balanced,accuracy,0.7135601358783888,0.7113164802401352,0.7158037915166425,0.0031364143121731507,,3.637248549721217,39483,9238
mimic,medclip,random_forest,gender,demographic,patient_balanced,precision,0.7315671935083495,0.7301438299491024,0.7329905570675966,0.001989725055188429,,2.445927201175324,39483,9238
mimic,medclip,random_forest,gender,demographic,patient_balanced,recall,0.7215727610863178,0.7195666210705279,0.7235789011021078,0.002804390366537728,,5.259602010701103,39483,9238
mimic,medclip,random_forest,gender,demographic,patient_balanced,f1,0.7118860627344542,0.7094560873660541,0.7143160381028543,0.003396871335215263,,5.357712259463565,39483,9238
mimic,medclip,random_forest,gender,demographic,patient_balanced,roc,0.8179221488925462,0.8170776426623979,0.8187666551226945,0.0011805383062340761,,4.925077924537346,39483,9238
mimic,medclip,xgboost,gender,demographic,per_radiograph,accuracy,0.7827951270166906,0.7818772049176641,0.7837130491157172,0.001283166614234782,,0.0,39483,9238
mimic,medclip,xgboost,gender,demographic,per_radiograph,precision,0.7834732430744553,0.7826022664443737,0.7843442197045369,0.0012175413738100933,,0.0,39483,9238
mimic,medclip,xgboost,gender,demographic,per_radiograph,recall,0.7813694388578833,0.7804149596785735,0.7823239180371931,0.0013342698886664014,,0.0,39483,9238
mimic,medclip,xgboost,gender,demographic,per_radiograph,f1,0.7818151506623414,0.780866262724785,0.7827640385998978,0.0013264538716453134,,0.0,39483,9238
mimic,medclip,xgboost,gender,demographic,per_radiograph,roc,0.8666462257075999,0.8662402379867025,0.8670522134284973,0.0005675316999091982,,0.0,39483,9238
mimic,medclip,xgboost,gender,demographic,one_per_patient,accuracy,0.8223847694306127,0.8214797691612971,0.8232897696999283,0.001265103141857954,0.001782737383192929,3.9589642413922044,39483,9238
mimic,medclip,xgboost,gender,demographic,one_per_patient,precision,0.821758259145656,0.8208387386254629,0.8226777796658492,0.0012854010529510533,0.0017848846598424672,3.8285016071200717,39483,9238
mimic,medclip,xgboost,gender,demographic,one_per_patient,recall,0.8228832123141171,0.8219367659581305,0.8238296586701037,0.0013230407759591686,0.0017934372953395021,4.151377345623375,39483,9238
mimic,medclip,xgboost,gender,demographic,one_per_patient,f1,0.8220063358187917,0.8210910865182971,0.8229215851192863,0.0012794302995230912,0.0017866145065089844,4.019118515645026,39483,9238
mimic,medclip,xgboost,gender,demographic,one_per_patient,roc,0.9053945612076693,0.9048554643945577,0.9059336580207809,0.0007536053801938542,0.001486700013220852,3.8748335500069397,39483,9238
mimic,medclip,xgboost,gender,demographic,patient_balanced,accuracy,0.8223941449688539,0.8214769927870866,0.8233112971506211,0.001282090344120076,,3.959901795216325,39483,9238
mimic,medclip,xgboost,gender,demographic,patient_balanced,precision,0.8217640444945105,0.8208324512766962,0.8226956377123247,0.001302277520515694,,3.8290801420055143,39483,9238
mimic,medclip,xgboost,gender,demographic,patient_balanced,recall,0.8229000797684595,0.8219424704652175,0.8238576890717014,0.0013386455002052035,,4.153064091057612,39483,9238
mimic,medclip,xgboost,gender,demographic,patient_balanced,f1,0.8220185759497957,0.8210915221767832,0.8229456297228082,0.0012959318142482185,,4.020342528745424,39483,9238
mimic,medclip,xgboost,gender,demographic,patient_balanced,roc,0.9054462903784375,0.9048954225827656,0.9059971581741094,0.0007700600791863884,,3.880006467083763,39483,9238
mimic,medclip,mlp,gender,demographic,per_radiograph,accuracy,0.8546868272421042,0.8539545830231152,0.8554190714610932,0.0010236068357757258,,0.0,39483,9238
mimic,medclip,mlp,gender,demographic,per_radiograph,precision,0.8549654849820012,0.8541692542898767,0.8557617156741257,0.001113053757444911,,0.0,39483,9238
mimic,medclip,mlp,gender,demographic,per_radiograph,recall,0.8539241956506036,0.8532201239629269,0.8546282673382803,0.0009842243526032993,,0.0,39483,9238
mimic,medclip,mlp,gender,demographic,per_radiograph,f1,0.8542761299006842,0.8535551396982369,0.8549971201031316,0.0010078748054458855,,0.0,39483,9238
mimic,medclip,mlp,gender,demographic,per_radiograph,roc,0.9339177190752533,0.933639215089274,0.9341962230612326,0.00038932172688604515,,0.0,39483,9238
mimic,medclip,mlp,gender,demographic,one_per_patient,accuracy,0.8857920545572636,0.884933922706456,0.8866501864080713,0.0011995856105171392,0.0017952668436966312,3.110522731515941,39483,9238
mimic,medclip,mlp,gender,demographic,one_per_patient,precision,0.8851379566096964,0.8842679149384045,0.8860079982809883,0.0012162343915444519,0.0018033544004755952,3.0172471627695208,39483,9238
mimic,medclip,mlp,gender,demographic,one_per_patient,recall,0.8858208574806916,0.8849647970518937,0.8866769179094895,0.0011966899622156727,0.0017869386427738305,3.189666183008799,39483,9238
mimic,medclip,mlp,gender,demographic,one_per_patient,f1,0.8854150072087699,0.8845568478030953,0.8862731666144444,0.0011996241295650378,0.0017973792535614205,3.113887730808562,39483,9238
mimic,medclip,mlp,gender,demographic,one_per_patient,roc,0.9572622948651326,0.9568910747048477,0.9576335150254175,0.0005189300014822607,0.0010283961149017095,2.334457578987925,39483,9238
mimic,medclip,mlp,gender,demographic,patient_balanced,accuracy,0.8856427217960989,0.8847931044719268,0.886492339120271,0.0011876831230114725,,3.0955894553994723,39483,9238
mimic,medclip,mlp,gender,demographic,patient_balanced,precision,0.8849807574798015,0.8841194607580704,0.8858420542015327,0.0012040097950004004,,3.001527249780034,39483,9238
mimic,medclip,mlp,gender,demographic,patient_balanced,recall,0.8856745695655757,0.8848258279545345,0.8865233111766169,0.0011864589604661678,,3.175037391497204,39483,9238
mimic,medclip,mlp,gender,demographic,patient_balanced,f1,0.8852663667382291,0.8844165623142098,0.8861161711622484,0.0011879446705630144,,3.099023683754487,39483,9238
mimic,medclip,mlp,gender,demographic,patient_balanced,roc,0.9571448504185485,0.9567724150346193,0.9575172858024776,0.0005206287669992835,,2.3227131343295127,39483,9238
mimic,medclip,logistic_regression,age_decile,demographic,per_radiograph,accuracy,0.5779955930400426,0.5775688871242297,0.5784222989558554,0.0005964937393360878,,0.0,39483,9238
mimic,medclip,logistic_regression,age_decile,demographic,per_radiograph,precision,0.5882666233575278,0.5873305394579287,0.5892027072571269,0.0013085550607858083,,0.0,39483,9238
mimic,medclip,logistic_regression,age_decile,demographic,per_radiograph,recall,0.5187009139042812,0.5176742251314103,0.5197276026771521,0.0014352119400489484,,0.0,39483,9238
mimic,medclip,logistic_regression,age_decile,demographic,per_radiograph,f1,0.5408732547706265,0.5401301647140138,0.5416163448272393,0.0010387682713234349,,0.0,39483,9238
mimic,medclip,logistic_regression,age_decile,demographic,per_radiograph,roc,0.8060207000032966,0.8057556502136646,0.8062857497929287,0.0003705140572673946,,0.0,39483,9238
mimic,medclip,logistic_regression,age_decile,demographic,one_per_patient,accuracy,0.6032614743450964,0.6027601861781032,0.6037627625120895,0.0007007525373653418,0.0023856476981523917,2.5265881305053806,39483,9238
mimic,medclip,logistic_regression,age_decile,demographic,one_per_patient,precision,0.6355010973692294,0.63467955692511,0.6363226378133489,0.0011484343510800915,0.002941532412168345,4.723447401170167,39483,9238
mimic,medclip,logistic_regression,age_decile,demographic,one_per_patient,recall,0.5756665400098306,0.5747663990366652,0.5765666809829961,0.0012583103142365466,0.0023589115833377687,5.696562610554945,39483,9238
mimic,medclip,logistic_regression,age_decile,demographic,one_per_patient,f1,0.5923111378388342,0.5914535606767444,0.5931687150009239,0.00119881020915692,0.0024219092292841384,5.143788306820762,39483,9238
mimic,medclip,logistic_regression,age_decile,demographic,one_per_patient,roc,0.8430431713776401,0.8428647728411643,0.8432215699141158,0.0002493839578290418,0.00120601662717426,3.7022471374343446,39483,9238
mimic,medclip,logistic_regression,age_decile,demographic,patient_balanced,accuracy,0.6034566006865972,0.6029600328871147,0.6039531684860797,0.0006941539185903412,,2.546100764655468,39483,9238
mimic,medclip,logistic_regression,age_decile,demographic,patient_balanced,precision,0.6357707367641322,0.6349407334997964,0.636600740028468,0.0011602645579958685,,4.750411340660444,39483,9238
mimic,medclip,logistic_regression,age_decile,demographic,patient_balanced,recall,0.5758034122868929,0.5749058268351724,0.5767009977386134,0.0012547379415878577,,5.710249838261172,39483,9238
mimic,medclip,logistic_regression,age_decile,demographic,patient_balanced,f1,0.5924690821552878,0.591612264965541,0.5933258993450347,0.001197747841076693,,5.159582738466129,39483,9238
mimic,medclip,logistic_regression,age_decile,demographic,patient_balanced,roc,0.8430160229161574,0.8428394740483521,0.8431925717839627,0.00024679829932076555,,3.6995322912860784,39483,9238
mimic,medclip,random_forest,age_decile,demographic,per_radiograph,accuracy,0.519757870475901,0.5191841497436911,0.520331591208111,0.0008020062816298632,,0.0,39483,9238
mimic,medclip,random_forest,age_decile,demographic,per_radiograph,precision,0.5874124970779039,0.5854797431510742,0.5893452510047336,0.0027018036879917404,,0.0,39483,9238
mimic,medclip,random_forest,age_decile,demographic,per_radiograph,recall,0.3815153915116687,0.38030967538883204,0.38272110763450534,0.0016854749185245513,,0.0,39483,9238
mimic,medclip,random_forest,age_decile,demographic,per_radiograph,f1,0.3813456157818542,0.3794646945022696,0.38322653706143883,0.002629346643387676,,0.0,39483,9238
mimic,medclip,random_forest,age_decile,demographic,per_radiograph,roc,0.7421070442022013,0.7417792227322334,0.7424348656721692,0.0004582628156989109,,0.0,39483,9238
mimic,medclip,random_forest,age_decile,demographic,one_per_patient,accuracy,0.5281510067114094,0.5273236897289626,0.5289783236938561,0.001156509394850642,0.0018910867861290708,0.8393136235508303,39483,9238
mimic,medclip,random_forest,age_decile,demographic,one_per_patient,precision,0.6162998670398571,0.6143725623351267,0.6182271717445874,0.0026941862007574383,0.006641672960868664,2.888736996195318,39483,9238
mimic,medclip,random_forest,age_decile,demographic,one_per_patient,recall,0.44116729425373685,0.43982527730442417,0.44250931120304954,0.0018760103356499198,0.0017745076093849644,5.965190274206816,39483,9238
mimic,medclip,random_forest,age_decile,demographic,one_per_patient,f1,0.43848787063339,0.43643175082880725,0.44054399043797277,0.0028742572936260925,0.002190294938927645,5.7142254851535785,39483,9238
mimic,medclip,random_forest,age_decile,demographic,one_per_patient,roc,0.7892952237547407,0.7889637390904974,0.789626708418984,0.0004633836081938573,0.0013076954293313105,4.7188179552539395,39483,9238
mimic,medclip,random_forest,age_decile,demographic,patient_balanced,accuracy,0.5280963894724561,0.5272519216528793,0.5289408572920329,0.001180484611957581,,0.8338518996555022,39483,9238
mimic,medclip,random_forest,age_decile,demographic,patient_balanced,precision,0.6166361588394254,0.6145961249693952,0.6186761927094555,0.0028517707076743497,,2.922366176152147,39483,9238
mimic,medclip,random_forest,age_decile,demographic,patient_balanced,recall,0.44109950204225734,0.43974184852427234,0.44245715556024234,0.0018978687514161386,,5.958411053058866,39483,9238
mimic,medclip,random_forest,age_decile,demographic,patient_balanced,f1,0.4384112736767888,0.43633187425647674,0.4404906730971008,0.0029067999524505133,,5.706565789493457,39483,9238
mimic,medclip,random_forest,age_decile,demographic,patient_balanced,roc,0.789242277995766,0.7889066859886491,0.7895778700028828,0.0004691252776167812,,4.713523379356466,39483,9238
mimic,medclip,xgboost,age_decile,demographic,per_radiograph,accuracy,0.5562090013423499,0.5553061695992573,0.5571118330854424,0.001262071751226405,,0.0,39483,9238
mimic,medclip,xgboost,age_decile,demographic,per_radiograph,precision,0.5689842808640847,0.5677087903584102,0.5702597713697592,0.0017830127800503707,,0.0,39483,9238
mimic,medclip,xgboost,age_decile,demographic,per_radiograph,recall,0.48600775822963865,0.4843536962861702,0.4876618201731071,0.0023122191588871195,,0.0,39483,9238
mimic,medclip,xgboost,age_decile,demographic,per_radiograph,f1,0.5110800975049761,0.5095830726117881,0.512577122398164,0.0020926964996858997,,0.0,39483,9238
mimic,medclip,xgboost,age_decile,demographic,per_radiograph,roc,0.7886066460616099,0.7882927263496105,0.7889205657736094,0.0004388294980751511,,0.0,39483,9238
mimic,medclip,xgboost,age_decile,demographic,one_per_patient,accuracy,0.58700638666378,0.5853901469668288,0.5886226263607313,0.002259347304012147,0.00214092044775835,3.079738532143017,39483,9238
mimic,medclip,xgboost,age_decile,demographic,one_per_patient,precision,0.618625141013889,0.6164866759346567,0.6207636060931213,0.002989368050173279,0.0026181232615174214,4.964086014980429,39483,9238
mimic,medclip,xgboost,age_decile,demographic,one_per_patient,recall,0.5536713194044607,0.5514103415848652,0.5559322972240561,0.0031606290519718555,0.0021446760462401817,6.766356117482203,39483,9238
mimic,medclip,xgboost,age_decile,demographic,one_per_patient,f1,0.5728164980757311,0.5705451414622529,0.5750878546892093,0.0031751376053889414,0.0022578054907749796,6.173640057075502,39483,9238
mimic,medclip,xgboost,age_decile,demographic,one_per_patient,roc,0.8335684901969804,0.8331484423142024,0.8339885380797585,0.0005871864509334661,0.0012051628120405536,4.496184413537052,39483,9238
mimic,medclip,xgboost,age_decile,demographic,patient_balanced,accuracy,0.5868370471565082,0.5852538694003957,0.5884202249126207,0.0022131298976209883,,3.0628045814158344,39483,9238
mimic,medclip,xgboost,age_decile,demographic,patient_balanced,precision,0.6185052655879822,0.6163914865272376,0.6206190446487269,0.002954859375858348,,4.952098472389754,39483,9238
mimic,medclip,xgboost,age_decile,demographic,patient_balanced,recall,0.5534905708336156,0.5512329373809151,0.5557482042863162,0.003155953949422573,,6.7482812603976985,39483,9238
mimic,medclip,xgboost,age_decile,demographic,patient_balanced,f1,0.5726534336031696,0.5703821984801994,0.5749246687261397,0.003174967773369208,,6.157333609819348,39483,9238
mimic,medclip,xgboost,age_decile,demographic,patient_balanced,roc,0.8334327859856863,0.8330084817675627,0.8338570902038098,0.0005931363974704218,,4.482613992407636,39483,9238
mimic,medclip,mlp,age_decile,demographic,per_radiograph,accuracy,0.5938986399209787,0.5930246015052113,0.5947726783367461,0.0012218214550676703,,0.0,39483,9238
mimic,medclip,mlp,age_decile,demographic,per_radiograph,precision,0.6132616601257395,0.6101316287242275,0.6163916915272514,0.004375482189813335,,0.0,39483,9238
mimic,medclip,mlp,age_decile,demographic,per_radiograph,recall,0.5327002518725367,0.5275275128042701,0.5378729909408032,0.007230990607576363,,0.0,39483,9238
mimic,medclip,mlp,age_decile,demographic,per_radiograph,f1,0.5575314254320057,0.5537049345183848,0.5613579163456267,0.005349065454724728,,0.0,39483,9238
mimic,medclip,mlp,age_decile,demographic,per_radiograph,roc,0.8236176662948157,0.823339572479299,0.8238957601103324,0.00038874834811648324,,0.0,39483,9238
mimic,medclip,mlp,age_decile,demographic,one_per_patient,accuracy,0.6222540593201992,0.6205856127275712,0.6239225059128272,0.0023323275118492244,0.00213138800978706,2.8355419399220483,39483,9238
mimic,medclip,mlp,age_decile,demographic,one_per_patient,precision,0.6570474089580984,0.6542628323062774,0.6598319856099195,0.003892569748766028,0.0026993154780491613,4.378574883235897,39483,9238
mimic,medclip,mlp,age_decile,demographic,one_per_patient,recall,0.593986792596343,0.5885068863475468,0.5994666988451393,0.007660380717545655,0.002146343554088033,6.128654072380635,39483,9238
mimic,medclip,mlp,age_decile,demographic,one_per_patient,f1,0.611105266144677,0.6070743340909726,0.6151361981983814,0.0056348544621028,0.0022727459034785217,5.3573840712671235,39483,9238
mimic,medclip,mlp,age_decile,demographic,one_per_patient,roc,0.8599488377994462,0.8595846396377109,0.8603130359611815,0.0005091139243732605,0.0010699475390753234,3.63311715046305,39483,9238
mimic,medclip,mlp,age_decile,demographic,patient_balanced,accuracy,0.6222745397469401,0.6206003283590213,0.6239487511348589,0.002340386139986623,,2.837589982596145,39483,9238
mimic,medclip,mlp,age_decile,demographic,patient_balanced,precision,0.6571737866093861,0.6543909255781987,0.6599566476405735,0.0038901714764920567,,4.391212648364662,39483,9238
mimic,medclip,mlp,age_decile,demographic,patient_balanced,recall,0.593937679782613,0.5884640227221551,0.5994113368430709,0.0076516449546194555,,6.123742791007636,39483,9238
mimic,medclip,mlp,age_decile,demographic,patient_balanced,f1,0.6110804437012674,0.6070425389955632,0.6151183484069715,0.005644601557491624,,5.354901826926161,39483,9238
mimic,medclip,mlp,age_decile,demographic,patient_balanced,roc,0.8599207433272245,0.8595531309183347,0.8602883557361142,0.0005138867127896096,,3.630307703240876,39483,9238
mimic,medclip,logistic_regression,insurance,demographic,per_radiograph,accuracy,0.6230124357318341,0.6227202651938047,0.6233046062698634,0.0004084262493079127,,0.0,39483,9238
mimic,medclip,logistic_regression,insurance,demographic,per_radiograph,precision,0.49717435637208657,0.49556101688286386,0.4987876958613093,0.0022552930931640774,,0.0,39483,9238
mimic,medclip,logistic_regression,insurance,demographic,per_radiograph,recall,0.4452197785612446,0.4448046156313105,0.4456349414911787,0.0005803577577272522,,0.0,39483,9238
mimic,medclip,logistic_regression,insurance,demographic,per_radiograph,f1,0.42864386154708545,0.42786954431278473,0.42941817878138616,0.0010824208556858895,,0.0,39483,9238
mimic,medclip,logistic_regression,insurance,demographic,per_radiograph,roc,0.721114519886035,0.7208650339756631,0.7213640057964069,0.0003487572542928244,,0.0,39483,9238
mimic,medclip,logistic_regression,insurance,demographic,one_per_patient,accuracy,0.6218509958865555,0.6214143267723601,0.6222876650007508,0.0006104213303036897,0.0017070831598876611,-0.11614398452786112,39483,9238
mimic,medclip,logistic_regression,insurance,demographic,one_per_patient,precision,0.5251299274954624,0.5229720549204824,0.5272878000704424,0.0030164978585042385,0.004514301233678075,2.7955571123375824,39483,9238
mimic,medclip,logistic_regression,insurance,demographic,one_per_patient,recall,0.4942692542430699,0.4935079483774184,0.4950305601087214,0.001064232216504096,0.0017424706694097471,4.904947568182527,39483,9238
mimic,medclip,logistic_regression,insurance,demographic,one_per_patient,f1,0.47227981042268147,0.47072429566788077,0.47383532517748217,0.0021744596882748864,0.002135777046303526,4.363594887559602,39483,9238
mimic,medclip,logistic_regression,insurance,demographic,one_per_patient,roc,0.7509716172653574,0.7508306886228139,0.751112545907901,0.00019700465790404266,0.0013891760713308134,2.9857097379322406,39483,9238
mimic,medclip,logistic_regression,insurance,demographic,patient_balanced,accuracy,0.6220133968773432,0.6215753470968374,0.6224514466578491,0.0006123513687208552,,-0.09990388544908191,39483,9238
mimic,medclip,logistic_regression,insurance,demographic,patient_balanced,precision,0.5259631487087236,0.523819897565863,0.5281063998515843,0.0029960585057880974,,2.8788792336637057,39483,9238
mimic,medclip,logistic_regression,insurance,demographic,patient_balanced,recall,0.49448998873893873,0.49374127314261285,0.4952387043352646,0.0010466322335861745,,4.927021017769412,39483,9238
mimic,medclip,logistic_regression,insurance,demographic,patient_balanced,f1,0.47260199200856273,0.471077102861801,0.4741268811553245,0.002131648040295289,,4.395813046147729,39483,9238
mimic,medclip,logistic_regression,insurance,demographic,patient_balanced,roc,0.7510328709108773,0.7508892335691939,0.7511765082525608,0.00020079115820515175,,2.9918351024842305,39483,9238
mimic,medclip,random_forest,insurance,demographic,per_radiograph,accuracy,0.6117265658637894,0.6114934744868389,0.6119596572407399,0.00032583927686895834,,0.0,39483,9238
mimic,medclip,random_forest,insurance,demographic,per_radiograph,precision,0.44555312260381374,0.4134956455569585,0.477610599650669,0.04481326283215862,,0.0,39483,9238
mimic,medclip,random_forest,insurance,demographic,per_radiograph,recall,0.40124983632665484,0.40079813677276804,0.40170153588054164,0.0006314324361805838,,0.0,39483,9238
mimic,medclip,random_forest,insurance,demographic,per_radiograph,f1,0.3650958744459585,0.36448500686680224,0.3657067420251147,0.0008539339930076786,,0.0,39483,9238
mimic,medclip,random_forest,insurance,demographic,per_radiograph,roc,0.6793891447228576,0.6789088222450754,0.6798694672006398,0.0006714445247699233,,0.0,39483,9238
mimic,medclip,random_forest,insurance,demographic,one_per_patient,accuracy,0.6022748971638883,0.6018277814980406,0.6027220128297359,0.0006250246025512105,0.001081245582903116,-0.9451668699901106,39483,9238
mimic,medclip,random_forest,insurance,demographic,one_per_patient,precision,0.48045553266568464,0.43888778194071265,0.5220232833906566,0.05810770872134353,0.013173614365506028,3.490241006187089,39483,9238
mimic,medclip,random_forest,insurance,demographic,one_per_patient,recall,0.45540223952422715,0.45484076388381695,0.45596371516463735,0.0007848888236207965,0.000974919767562072,5.415240319757231,39483,9238
mimic,medclip,random_forest,insurance,demographic,one_per_patient,f1,0.4136432461514244,0.41282094825890553,0.41446554404394326,0.0011494931909307188,0.000998134326178404,4.854737170546591,39483,9238
mimic,medclip,random_forest,insurance,demographic,one_per_patient,roc,0.7187620611335597,0.7184966544186485,0.7190274678484708,0.00037101300440296243,0.0012997491094101962,3.9372916410702063,39483,9238
mimic,medclip,random_forest,insurance,demographic,patient_balanced,accuracy,0.60224838520345,0.6017983581177219,0.6026984122891782,0.0006290944869070021,,-0.9478180660339341,39483,9238
mimic,medclip,random_forest,insurance,demographic,patient_balanced,precision,0.47991717186925476,0.43869544675412847,0.5211388969843811,0.05762399827282607,,3.436404926544101,39483,9238
mimic,medclip,random_forest,insurance,demographic,patient_balanced,recall,0.4553858516798949,0.45481825191052,0.45595345144926985,0.0007934497655974029,,5.413601535324009,39483,9238
mimic,medclip,random_forest,insurance,demographic,patient_balanced,f1,0.41363871397672414,0.41280417693875876,0.4144732510146895,0.0011666023365111714,,4.854283953076566,39483,9238
mimic,medclip,random_forest,insurance,demographic,patient_balanced,roc,0.7186863563904449,0.7184204494355267,0.718952263345363,0.000371712291713676,,3.929721166758726,39483,9238
mimic,medclip,xgboost,insurance,demographic,per_radiograph,accuracy,0.6192310614694932,0.6186175111866333,0.6198446117523532,0.0008576841541946494,,0.0,39483,9238
mimic,medclip,xgboost,insurance,demographic,per_radiograph,precision,0.4926596425293587,0.4913510487585247,0.49396823630019265,0.001829287953858537,,0.0,39483,9238
mimic,medclip,xgboost,insurance,demographic,per_radiograph,recall,0.4453295906394611,0.4446744651809731,0.4459847160979491,0.0009158022422148705,,0.0,39483,9238
mimic,medclip,xgboost,insurance,demographic,per_radiograph,f1,0.43650525251039,0.435465846577218,0.43754465844356205,0.0014529893043193718,,0.0,39483,9238
mimic,medclip,xgboost,insurance,demographic,per_radiograph,roc,0.7074269046419082,0.7069093560425443,0.707944453241272,0.0007234830544464505,,0.0,39483,9238
mimic,medclip,xgboost,insurance,demographic,one_per_patient,accuracy,0.6159180017319766,0.6148321840795119,0.6170038193844414,0.0015178684141792785,0.001378253696457838,-0.33130597375166104,39483,9238
mimic,medclip,xgboost,insurance,demographic,one_per_patient,precision,0.5235876682587024,0.5210707965883606,0.5261045399290442,0.0035183439892348956,0.002682688077090914,3.092802572934372,39483,9238
mimic,medclip,xgboost,insurance,demographic,one_per_patient,recall,0.4951295942218727,0.49405268941055297,0.4962064990331924,0.0015054091213837965,0.0014122664931055951,4.98000035824116,39483,9238
mimic,medclip,xgboost,insurance,demographic,one_per_patient,f1,0.4838977598167483,0.48187086156417525,0.4859246580693214,0.002833408380635839,0.001682583983962413,4.73925073063583,39483,9238
mimic,medclip,xgboost,insurance,demographic,one_per_patient,roc,0.7416688954357105,0.7411664661923396,0.7421713246790813,0.000702347652150972,0.001395681501363365,3.42419907938023,39483,9238
mimic,medclip,xgboost,insurance,demographic,patient_balanced,accuracy,0.6158735637710803,0.6147889658935202,0.6169581616486404,0.0015161632864389581,,-0.3357497698412981,39483,9238
mimic,medclip,xgboost,insurance,demographic,patient_balanced,precision,0.5235586787597494,0.5210332513493277,0.5260841061701711,0.0035303040891631462,,3.0899036230390697,39483,9238
mimic,medclip,xgboost,insurance,demographic,patient_balanced,recall,0.4950882203377362,0.4940204974065373,0.4961559432689351,0.0014925737380332173,,4.97586296982751,39483,9238
mimic,medclip,xgboost,insurance,demographic,patient_balanced,f1,0.48388029416086165,0.48186268571814506,0.48589790260357824,0.002820422121918394,,4.737504165047163,39483,9238
mimic,medclip,xgboost,insurance,demographic,patient_balanced,roc,0.7416206231255968,0.7411057653235126,0.7421354809276811,0.0007197215792205683,,3.4193718483688684,39483,9238
mimic,medclip,mlp,insurance,demographic,per_radiograph,accuracy,0.6293164146594737,0.6283203750119426,0.6303124543070049,0.0013923674171496456,,0.0,39483,9238
mimic,medclip,mlp,insurance,demographic,per_radiograph,precision,0.481931236619483,0.4456466140292978,0.5182158592096683,0.05072240483937769,,0.0,39483,9238
mimic,medclip,mlp,insurance,demographic,per_radiograph,recall,0.46031126743978507,0.4580084405824371,0.462614094297133,0.00321912997284392,,0.0,39483,9238
mimic,medclip,mlp,insurance,demographic,per_radiograph,f1,0.4358770514709649,0.4274247720155608,0.444329330926369,0.011815471947847373,,0.0,39483,9238
mimic,medclip,mlp,insurance,demographic,per_radiograph,roc,0.7292310817195251,0.7273054912912228,0.7311566721478274,0.0026917898075533163,,0.0,39483,9238
mimic,medclip,mlp,insurance,demographic,one_per_patient,accuracy,0.6290529335353973,0.6273854999518924,0.6307203671189021,0.0023309114227409353,0.001440164664658608,-0.026348112407648117,39483,9238
mimic,medclip,mlp,insurance,demographic,one_per_patient,precision,0.5045883061298964,0.4693136894123409,0.5398629228474519,0.04931051398577034,0.002880142801366693,2.2657069510413352,39483,9238
mimic,medclip,mlp,insurance,demographic,one_per_patient,recall,0.5027569362513045,0.5004907113536841,0.5050231611489249,0.0031679639612751474,0.0013560473489246507,4.24456688115194,39483,9238
mimic,medclip,mlp,insurance,demographic,one_per_patient,f1,0.47307469999722046,0.4624004389879944,0.48374896100644654,0.014921587979189849,0.001495994164727461,3.7197648526255565,39483,9238
mimic,medclip,mlp,insurance,demographic,one_per_patient,roc,0.7555978853263182,0.7535920270396316,0.7576037436130049,0.002803996536407754,0.0012069393135676462,2.636680360679311,39483,9238
mimic,medclip,mlp,insurance,demographic,patient_balanced,accuracy,0.6289803651489282,0.6273019654027602,0.6306587648950962,0.002346241061095391,,-0.03360495105455552,39483,9238
mimic,medclip,mlp,insurance,demographic,patient_balanced,precision,0.5048500271188593,0.4694889077890575,0.5402111464486611,0.04943143629954435,,2.2918790499376285,39483,9238
mimic,medclip,mlp,insurance,demographic,patient_balanced,recall,0.5027419799398088,0.5004908821871864,0.5049930776924313,0.0031468176707014233,,4.243071250002378,39483,9238
mimic,medclip,mlp,insurance,demographic,patient_balanced,f1,0.4731259222484804,0.4624467927241278,0.48380505177283295,0.014928393694051573,,3.7248870777515486,39483,9238
mimic,medclip,mlp,insurance,demographic,patient_balanced,roc,0.755628454183114,0.7536063942253621,0.7576505141408658,0.0028266449108478434,,2.6397372463588864,39483,9238
mimic,medclip,logistic_regression,disease,disease,per_radiograph,accuracy,0.8259884000709166,0.8258000628400892,0.8261767373017439,0.00026327729452358604,,0.0,39483,9238
mimic,medclip,logistic_regression,disease,disease,per_radiograph,precision,0.8015904683744953,0.801344931098372,0.8018360056506186,0.0003432374442294051,,0.0,39483,9238
mimic,medclip,logistic_regression,disease,disease,per_radiograph,recall,0.7870547077836235,0.7867899191000012,0.7873194964672459,0.00037014905623432835,,0.0,39483,9238
mimic,medclip,logistic_regression,disease,disease,per_radiograph,f1,0.7934955209459548,0.7932660094121475,0.793725032479762,0.0003208350012224059,,0.0,39483,9238
mimic,medclip,logistic_regression,disease,disease,per_radiograph,roc,0.8772893750092567,0.8772472828106053,0.8773314672079082,5.884083637006699e-05,,0.0,39483,9238
mimic,medclip,logistic_regression,disease,disease,one_per_patient,accuracy,0.7981731976618315,0.7978503885317221,0.7984960067919409,0.0004512560477254556,0.0025115734127446015,-2.7815202409085082,39483,9238
mimic,medclip,logistic_regression,disease,disease,one_per_patient,precision,0.7976102979608866,0.7972868857216028,0.7979337102001703,0.000452099136216472,0.0024955728761779446,-0.39801704136087634,39483,9238
mimic,medclip,logistic_regression,disease,disease,one_per_patient,recall,0.7984781036595335,0.7981531426003401,0.798803064718727,0.0004542642371564545,0.0025215706504596383,1.1423395875910014,39483,9238
mimic,medclip,logistic_regression,disease,disease,one_per_patient,f1,0.7978055183035486,0.7974822487774292,0.798128787829668,0.00045189963696890803,0.0025046295783380432,0.4309997357593853,39483,9238
mimic,medclip,logistic_regression,disease,disease,one_per_patient,roc,0.8742687139103731,0.8741859215454587,0.8743515062752875,0.00011573574564159221,0.0022868030240590217,-0.3020661098883659,39483,9238
mimic,medclip,logistic_regression,disease,disease,patient_balanced,accuracy,0.7984345508235372,0.7981007242545782,0.7987683773924962,0.00046665736524583595,,-2.755384924737936,39483,9238
mimic,medclip,logistic_regression,disease,disease,patient_balanced,precision,0.7978596824155598,0.7975254267783294,0.7981939380527903,0.0004672571613306929,,-0.3730785958935501,39483,9238
mimic,medclip,logistic_regression,disease,disease,patient_balanced,recall,0.7987399460645864,0.7984042359358046,0.7990756561933683,0.00046929040031849285,,1.1685238280962906,39483,9238
mimic,medclip,logistic_regression,disease,disease,patient_balanced,f1,0.7980628273784525,0.7977285849445309,0.798397069812374,0.000467238704377558,,0.45673064324976975,39483,9238
mimic,medclip,logistic_regression,disease,disease,patient_balanced,roc,0.8745170350253704,0.8744336095087615,0.8746004605419793,0.00011662083067972987,,-0.2772339983886374,39483,9238
mimic,medclip,random_forest,disease,disease,per_radiograph,accuracy,0.8211711369450143,0.8210390831923312,0.8213031906976974,0.00018459841734624796,,0.0,39483,9238
mimic,medclip,random_forest,disease,disease,per_radiograph,precision,0.8007137157447918,0.8004976245868926,0.800929806902691,0.00030207460931773943,,0.0,39483,9238
mimic,medclip,random_forest,disease,disease,per_radiograph,recall,0.770974172609206,0.7707490623887999,0.771199282829612,0.0003146823893382808,,0.0,39483,9238
mimic,medclip,random_forest,disease,disease,per_radiograph,f1,0.7826215047335019,0.782446065527123,0.7827969439398808,0.00024524709960888774,,0.0,39483,9238
mimic,medclip,random_forest,disease,disease,per_radiograph,roc,0.8730107758891176,0.8729332444808872,0.873088307297348,0.00010838143531062312,,0.0,39483,9238
mimic,medclip,random_forest,disease,disease,one_per_patient,accuracy,0.7923219311539295,0.7918726558814337,0.7927712064264252,0.0006280435244767258,0.002401817331797835,-2.8849205791084853,39483,9238
mimic,medclip,random_forest,disease,disease,one_per_patient,precision,0.7919426143647068,0.791511433814858,0.7923737949145556,0.0006027488464000127,0.0023915774081835197,-0.8771101380084967,39483,9238
mimic,medclip,random_forest,disease,disease,one_per_patient,recall,0.7907672056927265,0.7902829484221398,0.7912514629633133,0.000676944985828665,0.0023916750293704976,1.979303308352054,39483,9238
mimic,medclip,random_forest,disease,disease,one_per_patient,f1,0.7911986076979654,0.7907301858341738,0.7916670295617569,0.0006548086135331685,0.002394325477698378,0.8577102964463457,39483,9238
mimic,medclip,random_forest,disease,disease,one_per_patient,roc,0.8717960255633784,0.87168817687596,0.8719038742507969,0.00015076206927706562,0.0021840582957845267,-0.12147503257391445,39483,9238
mimic,medclip,random_forest,disease,disease,patient_balanced,accuracy,0.7926113280576331,0.7921713634390991,0.7930512926761671,0.0006150281277094541,,-2.855980888738119,39483,9238
mimic,medclip,random_forest,disease,disease,patient_balanced,precision,0.7922158981543191,0.7917932741532215,0.7926385221554167,0.0005907876160273694,,-0.8497817590472634,39483,9238
mimic,medclip,random_forest,disease,disease,patient_balanced,recall,0.7910419993283239,0.790567534558426,0.7915164640982217,0.0006632560137828752,,2.0067826719117887,39483,9238
mimic,medclip,random_forest,disease,disease,patient_balanced,f1,0.7914801097903792,0.7910213923571361,0.7919388272236223,0.0006412427550542578,,0.88586050568773,39483,9238
mimic,medclip,random_forest,disease,disease,patient_balanced,roc,0.8719920008892871,0.8718840207297195,0.8720999810488547,0.00015094585466873513,,-0.10187749998304962,39483,9238
mimic,medclip,xgboost,disease,disease,per_radiograph,accuracy,0.8218220499962008,0.8211972747002502,0.8224468252921514,0.000873375640495675,,0.0,39483,9238
mimic,medclip,xgboost,disease,disease,per_radiograph,precision,0.7964085313551091,0.7955302546426831,0.7972868080675352,0.0012277461852591653,,0.0,39483,9238
mimic,medclip,xgboost,disease,disease,per_radiograph,recall,0.7825311954685639,0.7820422494399835,0.7830201414971443,0.0006834994175458683,,0.0,39483,9238
mimic,medclip,xgboost,disease,disease,per_radiograph,f1,0.7886929374295587,0.7880862691130788,0.7892996057460386,0.0008480638285608452,,0.0,39483,9238
mimic,medclip,xgboost,disease,disease,per_radiograph,roc,0.8709530260777779,0.87061673476146,0.8712893173940959,0.0004701028444721954,,0.0,39483,9238
mimic,medclip,xgboost,disease,disease,one_per_patient,accuracy,0.7930297683481273,0.7918524142718689,0.7942071224243857,0.001645827511278073,0.0022442435313107575,-2.879228164807346,39483,9238
mimic,medclip,xgboost,disease,disease,one_per_patient,precision,0.7924119079839378,0.7912741022429493,0.7935497137249263,0.001590542750707891,0.002231693716717588,-0.39966233711713484,39483,9238
mimic,medclip,xgboost,disease,disease,one_per_patient,recall,0.7931897084915358,0.7920963233086309,0.7942830936744407,0.0015284470922863815,0.002255975628857022,1.0658513022971938,39483,9238
mimic,medclip,xgboost,disease,disease,one_per_patient,f1,0.7926135676079813,0.7914609718863419,0.7937661633296207,0.001611217718024189,0.002238935933936816,0.39206301784225905,39483,9238
mimic,medclip,xgboost,disease,disease,one_per_patient,roc,0.8695884664128979,0.8690099403318602,0.8701669924939356,0.0008087236960946655,0.002080792749144435,-0.13645596648800273,39483,9238
mimic,medclip,xgboost,disease,disease,patient_balanced,accuracy,0.7933093589383369,0.792156858538058,0.7944618593386158,0.0016110844679504445,,-2.8512691057863915,39483,9238
mimic,medclip,xgboost,disease,disease,patient_balanced,precision,0.7926784145417505,0.7915653715161333,0.7937914575673677,0.001555926861542507,,-0.3730116813358664,39483,9238
mimic,medclip,xgboost,disease,disease,patient_balanced,recall,0.7934686160888411,0.7924001302251467,0.7945371019525356,0.00149364024412155,,1.093742062027725,39483,9238
mimic,medclip,xgboost,disease,disease,patient_balanced,f1,0.7928889213078101,0.7917612072916707,0.7940166353239495,0.001576435492128812,,0.4195983878251375,39483,9238
mimic,medclip,xgboost,disease,disease,patient_balanced,roc,0.8697548356603765,0.8691597985637626,0.8703498727569904,0.0008318045043429753,,-0.11981904174014346,39483,9238
mimic,medclip,mlp,disease,disease,per_radiograph,accuracy,0.8274751158726541,0.827015583982635,0.8279346477626732,0.0006423812871201497,,0.0,39483,9238
mimic,medclip,mlp,disease,disease,per_radiograph,precision,0.8046083402344035,0.8040243159157263,0.8051923645530807,0.0008164097023294104,,0.0,39483,9238
mimic,medclip,mlp,disease,disease,per_radiograph,recall,0.7860123006354339,0.7849295275066017,0.7870950737642661,0.0015136124636083456,,0.0,39483,9238
mimic,medclip,mlp,disease,disease,per_radiograph,f1,0.7939974610490197,0.7932541464602744,0.794740775637765,0.0010390821456016763,,0.0,39483,9238
mimic,medclip,mlp,disease,disease,per_radiograph,roc,0.8811490009473605,0.8808853633913706,0.8814126385033504,0.00036853989076356336,,0.0,39483,9238
mimic,medclip,mlp,disease,disease,one_per_patient,accuracy,0.8002935159125352,0.7995360547098969,0.8010509771151735,0.0010588577482057962,0.0023751649180030233,-2.718159996011893,39483,9238
mimic,medclip,mlp,disease,disease,one_per_patient,precision,0.7995880242786056,0.7988272157374189,0.8003488328197924,0.0010635370048404373,0.0023611342464681666,-0.5020315955797883,39483,9238
mimic,medclip,mlp,disease,disease,one_per_patient,recall,0.8001125042680275,0.7992854608518156,0.8009395476842394,0.0011561269756237742,0.002385067983974672,1.4100203632593566,39483,9238
mimic,medclip,mlp,disease,disease,one_per_patient,f1,0.7997726431856755,0.7989924538666515,0.8005528325046996,0.0010906294641079223,0.00236874073094737,0.5775182136655843,39483,9238
mimic,medclip,mlp,disease,disease,one_per_patient,roc,0.8773760181650998,0.8770552465213535,0.8776967898088461,0.0004484078381870106,0.002143031247046125,-0.3772982782260681,39483,9238
mimic,medclip,mlp,disease,disease,patient_balanced,accuracy,0.8005481259409288,0.7997871521611758,0.8013090997206819,0.0010637679924284486,,-2.6926989931725265,39483,9238
mimic,medclip,mlp,disease,disease,patient_balanced,precision,0.7998298203325783,0.7990651792762726,0.800594461388884,0.0010688944915534391,,-0.47785199018252067,39483,9238
mimic,medclip,mlp,disease,disease,patient_balanced,recall,0.8003647297465525,0.7995358861308469,0.801193573362258,0.001158643480991414,,1.4352429111118559,39483,9238
mimic,medclip,mlp,disease,disease,patient_balanced,f1,0.8000225567237577,0.7992395933827121,0.8008055200648032,0.0010945072795010516,,0.6025095674737968,39483,9238
mimic,medclip,mlp,disease,disease,patient_balanced,roc,0.8776543020158689,0.8773325187965216,0.8779760852352162,0.00044982192336936235,,-0.3494698931491569,39483,9238
mimic,biomedclip,logistic_regression,race-bin,demographic,per_radiograph,accuracy,0.7574399108477066,0.7567841457802377,0.7580956759151755,0.0009166963539170882,,0.0,39483,9238
mimic,biomedclip,logistic_regression,race-bin,demographic,per_radiograph,precision,0.721770693180724,0.7208138505931505,0.7227275357682974,0.001337573705605621,,0.0,39483,9238
mimic,biomedclip,logistic_regression,race-bin,demographic,per_radiograph,recall,0.6442786242853703,0.6429215756856396,0.645635672885101,0.0018970231340058505,,0.0,39483,9238
mimic,biomedclip,logistic_regression,race-bin,demographic,per_radiograph,f1,0.6574128368837174,0.655874610320703,0.6589510634467318,0.0021502924625982993,,0.0,39483,9238
mimic,biomedclip,logistic_regression,race-bin,demographic,per_radiograph,roc,0.7551878340474141,0.7544823019871291,0.7558933661076991,0.0009862658127418114,,0.0,39483,9238
mimic,biomedclip,logistic_regression,race-bin,demographic,one_per_patient,accuracy,0.7565187811214548,0.7556721513338623,0.7573654109090472,0.001183506834847365,0.0019415929007295038,-0.09211297262518015,39483,9238
mimic,biomedclip,logistic_regression,race-bin,demographic,one_per_patient,precision,0.726472415266049,0.7254598071253274,0.7274850234067706,0.0014155285735622863,0.0027982882727734457,0.4701722085325044,39483,9238
mimic,biomedclip,logistic_regression,race-bin,demographic,one_per_patient,recall,0.6813317120556657,0.6798427276213701,0.6828206964899612,0.002081456713189084,0.002374582395952678,3.7053087770295368,39483,9238
mimic,biomedclip,logistic_regression,race-bin,demographic,one_per_patient,f1,0.6933072419864499,0.6918070423872688,0.694807441585631,0.0020971344326486743,0.00254745578484489,3.589440510273245,39483,9238
mimic,biomedclip,logistic_regression,race-bin,demographic,one_per_patient,roc,0.7791978212570612,0.7784821222395242,0.7799135202745981,0.0010004782389682616,0.002534851522994722,2.400998720964709,39483,9238
mimic,biomedclip,logistic_regression,race-bin,demographic,patient_balanced,accuracy,0.756444930718013,0.7555979814618891,0.7572918799741369,0.0011839534210602266,,-0.09949801296935679,39483,9238
mimic,biomedclip,logistic_regression,race-bin,demographic,patient_balanced,precision,0.7263923213032715,0.7253790274797745,0.7274056151267685,0.0014164870919881165,,0.46216281225475164,39483,9238
mimic,biomedclip,logistic_regression,race-bin,demographic,patient_balanced,recall,0.681180054142179,0.6796924944136099,0.682667613870748,0.002079465111913356,,3.6901429856808665,39483,9238
mimic,biomedclip,logistic_regression,race-bin,demographic,patient_balanced,f1,0.6931602548044541,0.6916603670414883,0.6946601425674199,0.0020966985156780763,,3.5747417920736657,39483,9238
mimic,biomedclip,logistic_regression,race-bin,demographic,patient_balanced,roc,0.7790687819734667,0.7783502478531812,0.7797873160937523,0.0010044414393299984,,2.3880947926052665,39483,9238
mimic,biomedclip,random_forest,race-bin,demographic,per_radiograph,accuracy,0.7167261859534484,0.7164422393780107,0.7170101325288861,0.00039692994232784463,,0.0,39483,9238
mimic,biomedclip,random_forest,race-bin,demographic,per_radiograph,precision,0.7058802758139455,0.7034088008940121,0.7083517507338789,0.003454883708040482,,0.0,39483,9238
mimic,biomedclip,random_forest,race-bin,demographic,per_radiograph,recall,0.5345304931813523,0.5340135721477824,0.5350474142149221,0.0007226057779586183,,0.0,39483,9238
mimic,biomedclip,random_forest,race-bin,demographic,per_radiograph,f1,0.4906390695151416,0.4895781388310487,0.49170000019923443,0.0014830788312962231,,0.0,39483,9238
mimic,biomedclip,random_forest,race-bin,demographic,per_radiograph,roc,0.6746724079134531,0.6740727847463216,0.6752720310805845,0.0008382153888666995,,0.0,39483,9238
mimic,biomedclip,random_forest,race-bin,demographic,one_per_patient,accuracy,0.7008557046979866,0.7002853804925403,0.701426028903433,0.0007972582646118329,0.0010377325463744517,-1.5870481255461755,39483,9238
mimic,biomedclip,random_forest,race-bin,demographic,one_per_patient,precision,0.6871949349999805,0.68507482159056,0.689315048409401,0.0029637141847276374,0.0041846347981144855,-1.8685340813965001,39483,9238
mimic,biomedclip,random_forest,race-bin,demographic,one_per_patient,recall,0.5509107568099093,0.5499656810564654,0.5518558325633532,0.0013211248057195285,0.0013878397329548527,1.6380263628557046,39483,9238
mimic,biomedclip,random_forest,race-bin,demographic,one_per_patient,f1,0.5180355637616073,0.5163687540547729,0.5197023734684417,0.0023300393032922814,0.0022101131523580633,2.739649424646573,39483,9238
mimic,biomedclip,random_forest,race-bin,demographic,one_per_patient,roc,0.6962856309235423,0.6957810396901994,0.6967902221568852,0.0007053699057336001,0.0025386352147388084,2.1613223010089277,39483,9238
mimic,biomedclip,random_forest,race-bin,demographic,patient_balanced,accuracy,0.7007861358298549,0.7002163447534943,0.7013559269062156,0.0007965130015394267,,-1.5940050123593452,39483,9238
mimic,biomedclip,random_forest,race-bin,demographic,patient_balanced,precision,0.6870414720933418,0.6848908695950534,0.6891920745916301,0.0030063349920653707,,-1.8838803720603758,39483,9238
mimic,biomedclip,random_forest,race-bin,demographic,patient_balanced,recall,0.5507832144885055,0.5498447569391283,0.5517216720378828,0.0013118731943752113,,1.6252721307153273,39483,9238
mimic,biomedclip,random_forest,race-bin,demographic,patient_balanced,f1,0.5178172042715402,0.5161610105204152,0.5194733980226652,0.0023151992205021226,,2.717813475639863,39483,9238
mimic,biomedclip,random_forest,race-bin,demographic,patient_balanced,roc,0.6957806095981038,0.6952654497145947,0.696295769481613,0.0007201438599343242,,2.1108201684650774,39483,9238
mimic,biomedclip,xgboost,race-bin,demographic,per_radiograph,accuracy,0.7260466529898943,0.7249960028389529,0.7270973031408358,0.0014687076369100521,,0.0,39483,9238
mimic,biomedclip,xgboost,race-bin,demographic,per_radiograph,precision,0.6642824889242499,0.6623083237075195,0.6662566541409803,0.002759692679562402,,0.0,39483,9238
mimic,biomedclip,xgboost,race-bin,demographic,per_radiograph,recall,0.6051475219618982,0.603804316432696,0.6064907274911004,0.0018776718557660444,,0.0,39483,9238
mimic,biomedclip,xgboost,race-bin,demographic,per_radiograph,f1,0.6111502351095821,0.6095487338658712,0.612751736353293,0.002238744367048917,,0.0,39483,9238
mimic,biomedclip,xgboost,race-bin,demographic,per_radiograph,roc,0.6946731817330847,0.6932894585320142,0.6960569049341552,0.0019343116554648688,,0.0,39483,9238
mimic,biomedclip,xgboost,race-bin,demographic,one_per_patient,accuracy,0.7196636176661614,0.7185009157139333,0.7208263196183895,0.0016253452542289717,0.001500809334614022,-0.6383035323732966,39483,9238
mimic,biomedclip,xgboost,race-bin,demographic,one_per_patient,precision,0.6740418705120319,0.6723095293607119,0.6757742116633519,0.002421645945986389,0.002208974256128742,0.9759381587782001,39483,9238
mimic,biomedclip,xgboost,race-bin,demographic,one_per_patient,recall,0.6355721071570998,0.6341971931820632,0.6369470211321363,0.0019219972066068227,0.0018446414215973332,3.0424585195201526,39483,9238
mimic,biomedclip,xgboost,race-bin,demographic,one_per_patient,f1,0.6434045458923796,0.64190103558738,0.6449080561973792,0.002101762480257776,0.0020263129148322327,3.22543107827975,39483,9238
mimic,biomedclip,xgboost,race-bin,demographic,one_per_patient,roc,0.7200964176778444,0.7179593860050836,0.7222334493506052,0.0029873642860946677,0.0024040497350479545,2.5423235944759703,39483,9238
mimic,biomedclip,xgboost,race-bin,demographic,patient_balanced,accuracy,0.719322329998133,0.7181494955714451,0.7204951644248208,0.0016395094768357423,,-0.67243229917614,39483,9238
mimic,biomedclip,xgboost,race-bin,demographic,patient_balanced,precision,0.6735374759677759,0.6717916918638667,0.6752832600716852,0.0024404378979150996,,0.9254987043526008,39483,9238
mimic,biomedclip,xgboost,race-bin,demographic,patient_balanced,recall,0.6351372022098378,0.6337481382368934,0.6365262661827823,0.00194177753973779,,2.9989680247939576,39483,9238
mimic,biomedclip,xgboost,race-bin,demographic,patient_balanced,f1,0.6429305091013112,0.641410046572147,0.6444509716304755,0.0021254600555838847,,3.1780273991729113,39483,9238
mimic,biomedclip,xgboost,race-bin,demographic,patient_balanced,roc,0.7196659901276664,0.7175367413487044,0.7217952389066284,0.0029764845507716064,,2.4992808394581734,39483,9238
mimic,biomedclip,mlp,race-bin,demographic,per_radiograph,accuracy,0.7415115366106934,0.7407506507467394,0.7422724224746473,0.0010636450946156443,,0.0,39483,9238
mimic,biomedclip,mlp,race-bin,demographic,per_radiograph,precision,0.6979226334959876,0.695368352125246,0.7004769148667292,0.003570639144403976,,0.0,39483,9238
mimic,biomedclip,mlp,race-bin,demographic,per_radiograph,recall,0.6155757725528037,0.6138740431036119,0.6172775020019955,0.0023788537371295863,,0.0,39483,9238
mimic,biomedclip,mlp,race-bin,demographic,per_radiograph,f1,0.6232328511099199,0.6210833532409024,0.6253823489789374,0.0030047908268219367,,0.0,39483,9238
mimic,biomedclip,mlp,race-bin,demographic,per_radiograph,roc,0.7239698310486437,0.7234516161996903,0.724488045897597,0.000724414407151586,,0.0,39483,9238
mimic,biomedclip,mlp,race-bin,demographic,one_per_patient,accuracy,0.7378205239229272,0.7371173681591979,0.7385236796866564,0.000982943979212436,0.0017225472118207778,-0.3691012687766171,39483,9238
mimic,biomedclip,mlp,race-bin,demographic,one_per_patient,precision,0.7046630951431981,0.703077420862585,0.7062487694238113,0.00221661979822848,0.0027428297886425467,0.6740461647210538,39483,9238
mimic,biomedclip,mlp,race-bin,demographic,one_per_patient,recall,0.6476732519594394,0.6463760504318116,0.6489704534870672,0.0018133626959756666,0.002139165764678079,3.2097479406635654,39483,9238
mimic,biomedclip,mlp,race-bin,demographic,one_per_patient,f1,0.6577409037229801,0.6563624656147964,0.6591193418311638,0.001926923605048971,0.0024111772581310235,3.4508052613060225,39483,9238
mimic,biomedclip,mlp,race-bin,demographic,one_per_patient,roc,0.7455774919316571,0.7448558907541782,0.746299093109136,0.0010087288896468874,0.002537410080885467,2.160766088301347,39483,9238
mimic,biomedclip,mlp,race-bin,demographic,patient_balanced,accuracy,0.7376057826519932,0.7368876186869326,0.7383239466170537,0.0010039239980053612,,-0.39057539587001866,39483,9238
mimic,biomedclip,mlp,race-bin,demographic,patient_balanced,precision,0.7043496894187063,0.7027413257288059,0.7059580531086068,0.0022483374053380535,,0.642705592271875,39483,9238
mimic,biomedclip,mlp,race-bin,demographic,patient_balanced,recall,0.6473630033982857,0.6460492620632471,0.6486767447333243,0.0018364837524333748,,3.178723084548196,39483,9238
mimic,biomedclip,mlp,race-bin,demographic,patient_balanced,f1,0.6573971774368086,0.6559987163649773,0.6587956385086399,0.0019549137781778914,,3.4164326326888705,39483,9238
mimic,biomedclip,mlp,race-bin,demographic,patient_balanced,roc,0.7453226600090377,0.7445929990904439,0.7460523209276315,0.0010199956308322487,,2.1352828960394032,39483,9238
mimic,biomedclip,logistic_regression,race-cls,demographic,per_radiograph,accuracy,0.7314844363396904,0.7311226989642605,0.7318461737151203,0.0005056739823181831,,0.0,39483,9238
mimic,biomedclip,logistic_regression,race-cls,demographic,per_radiograph,precision,0.49664876849731526,0.4925798727733716,0.500717664221259,0.0056879240137090135,,0.0,39483,9238
mimic,biomedclip,logistic_regression,race-cls,demographic,per_radiograph,recall,0.3222220592986596,0.3212597815104429,0.3231843370868763,0.0013451715921959455,,0.0,39483,9238
mimic,biomedclip,logistic_regression,race-cls,demographic,per_radiograph,f1,0.3188260337518965,0.3176775204059867,0.3199745470978063,0.001605510950261992,,0.0,39483,9238
mimic,biomedclip,logistic_regression,race-cls,demographic,per_radiograph,roc,0.7319594045386275,0.7314760423654852,0.7324427667117698,0.0006756937258814952,,0.0,39483,9238
mimic,biomedclip,logistic_regression,race-cls,demographic,one_per_patient,accuracy,0.7207045356137692,0.7202486530612697,0.7211604181662687,0.0006372798650341695,0.0014352455567830016,-1.0779900725921165,39483,9238
mimic,biomedclip,logistic_regression,race-cls,demographic,one_per_patient,precision,0.5024431130525373,0.4922804478533076,0.512605778251767,0.014206426350478732,0.024940131067191004,0.5794344555222042,39483,9238
mimic,biomedclip,logistic_regression,race-cls,demographic,one_per_patient,recall,0.3467631160646566,0.3457838304614027,0.3477424016679105,0.0013689468782032332,0.0017493519594589293,2.454105676599699,39483,9238
mimic,biomedclip,logistic_regression,race-cls,demographic,one_per_patient,f1,0.33787758692303316,0.33704938751403146,0.33870578633203485,0.0011577429421156845,0.002265775962181163,1.905155317113666,39483,9238
mimic,biomedclip,logistic_regression,race-cls,demographic,one_per_patient,roc,0.7473854873020785,0.7469229978648395,0.7478479767393176,0.0006465156530501641,0.0021443498128231875,1.5426082763451032,39483,9238
mimic,biomedclip,logistic_regression,race-cls,demographic,patient_balanced,accuracy,0.7206378460709406,0.7201778205937452,0.721097871548136,0.000643071274414779,,-1.084659026874979,39483,9238
mimic,biomedclip,logistic_regression,race-cls,demographic,patient_balanced,precision,0.5025278773158325,0.49233014544059545,0.5127256091910696,0.014255446183395448,,0.587910881851722,39483,9238
mimic,biomedclip,logistic_regression,race-cls,demographic,patient_balanced,recall,0.346576861866791,0.34560971696494774,0.34754400676863423,0.0013519753478958216,,2.4354802568131384,39483,9238
mimic,biomedclip,logistic_regression,race-cls,demographic,patient_balanced,f1,0.3377250081028055,0.33690818990320703,0.3385418263024039,0.0011418331084257077,,1.8898974350908981,39483,9238
mimic,biomedclip,logistic_regression,race-cls,demographic,patient_balanced,roc,0.7473261711414463,0.746855726446908,0.7477966158359846,0.0006576363359325659,,1.536676660281877,39483,9238
mimic,biomedclip,random_forest,race-cls,demographic,per_radiograph,accuracy,0.7044525491983892,0.7043144469667637,0.7045906514300146,0.00019305360788350186,,0.0,39483,9238
mimic,biomedclip,random_forest,race-cls,demographic,per_radiograph,precision,0.31028359945886347,0.3085730325520362,0.3119941663656907,0.002391207651045088,,0.0,39483,9238
mimic,biomedclip,random_forest,race-cls,demographic,per_radiograph,recall,0.25490381755803626,0.2546034945911684,0.25520414052490414,0.00041982255899655595,,0.0,39483,9238
mimic,biomedclip,random_forest,race-cls,demographic,per_radiograph,f1,0.21738474294476218,0.21674106175943278,0.21802842413009157,0.0008998042514737226,,0.0,39483,9238
mimic,biomedclip,random_forest,race-cls,demographic,per_radiograph,roc,0.6534292576215546,0.652903051632359,0.6539554636107502,0.0007355852509295881,,0.0,39483,9238
mimic,biomedclip,random_forest,race-cls,demographic,one_per_patient,accuracy,0.6821507360900629,0.6819772332694501,0.6823242389106757,0.00024254021895975318,0.0004623313419856146,-2.230181310832624,39483,9238
mimic,biomedclip,random_forest,race-cls,demographic,one_per_patient,precision,0.30117146275424045,0.29883050402593514,0.30351242148254576,0.003272434652840896,0.005188233803723087,-0.911213670462302,39483,9238
mimic,biomedclip,random_forest,race-cls,demographic,one_per_patient,recall,0.2577341727228885,0.25742543926289024,0.2580429061828868,0.00043157961768985827,0.0005628743753590855,0.28303551648522496,39483,9238
mimic,biomedclip,random_forest,race-cls,demographic,one_per_patient,f1,0.2194746623709301,0.21880749260674784,0.22014183213511238,0.0009326390206025814,0.0010566333843981832,0.208991942616793,39483,9238
mimic,biomedclip,random_forest,race-cls,demographic,one_per_patient,roc,0.6732415611746556,0.6726412190468272,0.6738419033024841,0.0008392204266190305,0.0022936490360834314,1.981230355310104,39483,9238
mimic,biomedclip,random_forest,race-cls,demographic,patient_balanced,accuracy,0.6821139060918349,0.6819408700061262,0.6822869421775435,0.00024188776855313927,,-2.2338643106554312,39483,9238
mimic,biomedclip,random_forest,race-cls,demographic,patient_balanced,precision,0.300822098559906,0.2985331264739624,0.3031110706458496,0.0031997623379075753,,-0.9461500898957476,39483,9238
mimic,biomedclip,random_forest,race-cls,demographic,patient_balanced,recall,0.2576642693701143,0.257356410051531,0.25797212868869757,0.0004303576522518325,,0.2760451812078013,39483,9238
mimic,biomedclip,random_forest,race-cls,demographic,patient_balanced,f1,0.219337315936356,0.21867177579306712,0.22000285607964487,0.0009303609676758006,,0.19525729915938206,39483,9238
mimic,biomedclip,random_forest,race-cls,demographic,patient_balanced,roc,0.6728761915384314,0.6722569124680349,0.6734954706088279,0.0008656924469624145,,1.9446933916876796,39483,9238
mimic,biomedclip,xgboost,race-cls,demographic,per_radiograph,accuracy,0.7148747562241977,0.7144266043119756,0.7153229081364199,0.0006264731750970977,,0.0,39483,9238
mimic,biomedclip,xgboost,race-cls,demographic,per_radiograph,precision,0.4515342374571622,0.4445691776413247,0.4584992972729997,0.009736482247577598,,0.0,39483,9238
mimic,biomedclip,xgboost,race-cls,demographic,per_radiograph,recall,0.30074974281480593,0.3002919426615852,0.30120754296802665,0.0006399604860013635,,0.0,39483,9238
mimic,biomedclip,xgboost,race-cls,demographic,per_radiograph,f1,0.297386284305993,0.296649745522057,0.29812282308992905,0.0010296102236105695,,0.0,39483,9238
mimic,biomedclip,xgboost,race-cls,demographic,per_radiograph,roc,0.6810546471080153,0.680271656776261,0.6818376374397697,0.0010945450099102264,,0.0,39483,9238
mimic,biomedclip,xgboost,race-cls,demographic,one_per_patient,accuracy,0.6992535722017753,0.6984952065946431,0.7000119378089075,0.0010601220185110435,0.0011016082688120657,-1.5621184022422407,39483,9238
mimic,biomedclip,xgboost,race-cls,demographic,one_per_patient,precision,0.4588663600071953,0.44961327031846543,0.4681194496959251,0.012934927462461152,0.007894759528619212,0.7332122550033071,39483,9238
mimic,biomedclip,xgboost,race-cls,demographic,one_per_patient,recall,0.3221646130570256,0.3212081610381111,0.3231210650759401,0.001337027728268068,0.0013638004885626956,2.1414870242219664,39483,9238
mimic,biomedclip,xgboost,race-cls,demographic,one_per_patient,f1,0.3203528663009823,0.3188953092026592,0.32181042339930543,0.0020375243268384176,0.001851448835393676,2.29665819949893,39483,9238
mimic,biomedclip,xgboost,race-cls,demographic,one_per_patient,roc,0.6984117397504707,0.6974710992158342,0.6993523802851072,0.0013149247973455577,0.002119890015042913,1.735709264245533,39483,9238
mimic,biomedclip,xgboost,race-cls,demographic,patient_balanced,accuracy,0.6991138447297977,0.6983500892496683,0.699877600209927,0.0010676565414211871,,-1.5760911494400065,39483,9238
mimic,biomedclip,xgboost,race-cls,demographic,patient_balanced,precision,0.459614226656735,0.4504105703485096,0.4688178829649604,0.012865824361490691,,0.8079989199572812,39483,9238
mimic,biomedclip,xgboost,race-cls,demographic,patient_balanced,recall,0.32202874874884496,0.3210929132467205,0.3229645842509694,0.0013082078250597378,,2.1279005934039033,39483,9238
mimic,biomedclip,xgboost,race-cls,demographic,patient_balanced,f1,0.3202648403877188,0.3188473835195429,0.3216822972558947,0.0019814680704277926,,2.2878556081725785,39483,9238
mimic,biomedclip,xgboost,race-cls,demographic,patient_balanced,roc,0.6980130890691307,0.6970631511151922,0.6989630270230692,0.001327921693334422,,1.69584419611154,39483,9238
mimic,biomedclip,mlp,race-cls,demographic,per_radiograph,accuracy,0.7212167261859534,0.7208895062049463,0.7215439461669606,0.00045742199211049137,,0.0,39483,9238
mimic,biomedclip,mlp,race-cls,demographic,per_radiograph,precision,0.4803215315829671,0.45486816603230834,0.5057748971336258,0.035581351542964774,,0.0,39483,9238
mimic,biomedclip,mlp,race-cls,demographic,per_radiograph,recall,0.3093156207969844,0.3074713926916668,0.31115984890230197,0.002578053122685061,,0.0,39483,9238
mimic,biomedclip,mlp,race-cls,demographic,per_radiograph,f1,0.30426617860123767,0.30144796341225366,0.3070843937902217,0.0039395931812391234,,0.0,39483,9238
mimic,biomedclip,mlp,race-cls,demographic,per_radiograph,roc,0.6940310023840859,0.6910672570735483,0.6969947476946234,0.00414303026325421,,0.0,39483,9238
mimic,biomedclip,mlp,race-cls,demographic,one_per_patient,accuracy,0.7068041242693223,0.7058733611189503,0.7077348874196943,0.0013011171662431597,0.0013144117019170576,-1.4412601916631185,39483,9238
mimic,biomedclip,mlp,race-cls,demographic,one_per_patient,precision,0.4799916796801065,0.45420782168460955,0.5057755376756035,0.03604334812407222,0.016430117067006585,-0.03298519028606117,39483,9238
mimic,biomedclip,mlp,race-cls,demographic,one_per_patient,recall,0.33111637012866185,0.32880312882568724,0.33342961143163646,0.003233688363962351,0.001536441998687422,2.180074933167747,39483,9238
mimic,biomedclip,mlp,race-cls,demographic,one_per_patient,f1,0.3231021736182841,0.31981077526431473,0.32639357197225344,0.004601057634890558,0.001969215404867145,1.8835995017046414,39483,9238
mimic,biomedclip,mlp,race-cls,demographic,one_per_patient,roc,0.7101291297515785,0.7072127316568434,0.7130455278463136,0.00407684341944785,0.002052150154542641,1.609812736749261,39483,9238
mimic,biomedclip,mlp,race-cls,demographic,patient_balanced,accuracy,0.7066953283450235,0.7057585197255578,0.7076321369644891,0.0013095681493022185,,-1.4521397840929984,39483,9238
mimic,biomedclip,mlp,race-cls,demographic,patient_balanced,precision,0.48308608021212934,0.4574514176376543,0.5087207427866044,0.03583478730670545,,0.27645486291622556,39483,9238
mimic,biomedclip,mlp,race-cls,demographic,patient_balanced,recall,0.3310137359330226,0.3286919802987911,0.33333549156725406,0.003245590578347337,,2.16981151360382,39483,9238
mimic,biomedclip,mlp,race-cls,demographic,patient_balanced,f1,0.3230468411947077,0.31971315157804786,0.3263805308113676,0.004660176743599078,,1.8780662593470054,39483,9238
mimic,biomedclip,mlp,race-cls,demographic,patient_balanced,roc,0.7099455192581922,0.7070296636280796,0.7128613748883047,0.004076085106194657,,1.5914516874106277,39483,9238
mimic,biomedclip,logistic_regression,gender,demographic,per_radiograph,accuracy,0.8684117215003926,0.8675202958864363,0.8693031471143489,0.0012461270821516666,,0.0,39483,9238
mimic,biomedclip,logistic_regression,gender,demographic,per_radiograph,precision,0.8687204155504205,0.867854830325459,0.869586000775382,0.001210004709139709,,0.0,39483,9238
mimic,biomedclip,logistic_regression,gender,demographic,per_radiograph,recall,0.8676821005043566,0.8667680268893405,0.8685961741193726,0.0012777868045506006,,0.0,39483,9238
mimic,biomedclip,logistic_regression,gender,demographic,per_radiograph,f1,0.8680449913825452,0.8671436147342192,0.8689463680308712,0.0012600376690019293,,0.0,39483,9238
mimic,biomedclip,logistic_regression,gender,demographic,per_radiograph,roc,0.9429716287461651,0.9423676594684844,0.9435755980238458,0.0008442908324849106,,0.0,39483,9238
mimic,biomedclip,logistic_regression,gender,demographic,one_per_patient,accuracy,0.8921569062567654,0.8913643038572598,0.8929495086562709,0.0011079817541013687,0.002006518976792731,2.3745184756372772,39483,9238
mimic,biomedclip,logistic_regression,gender,demographic,one_per_patient,precision,0.8914858914000104,0.8906921707488641,0.8922796120511568,0.0011095449621050355,0.0020094952620469315,2.276547584958999,39483,9238
mimic,biomedclip,logistic_regression,gender,demographic,one_per_patient,recall,0.8924947569401297,0.8917196744730326,0.8932698394072268,0.0010834905773731472,0.0020126126993352243,2.481265643577313,39483,9238
mimic,biomedclip,logistic_regression,gender,demographic,one_per_patient,f1,0.8918530136785975,0.8910620952736151,0.8926439320835798,0.001105627692081341,0.0020113861490731475,2.380802229605228,39483,9238
mimic,biomedclip,logistic_regression,gender,demographic,one_per_patient,roc,0.9608276223654434,0.9603223533292963,0.9613328914015905,0.0007063174087192987,0.001026557698253382,1.7855993619278254,39483,9238
mimic,biomedclip,logistic_regression,gender,demographic,patient_balanced,accuracy,0.8920665000545218,0.8912848655283677,0.8928481345806759,0.0010926497243697246,,2.365477855412923,39483,9238
mimic,biomedclip,logistic_regression,gender,demographic,patient_balanced,precision,0.8913905707311681,0.8906078462771194,0.8921732951852168,0.0010941733385062325,,2.2670155180747664,39483,9238
mimic,biomedclip,logistic_regression,gender,demographic,patient_balanced,recall,0.8924033462818484,0.8916383220630525,0.8931683705006442,0.0010694301157809628,,2.4721245777491796,39483,9238
mimic,biomedclip,logistic_regression,gender,demographic,patient_balanced,f1,0.8917625525018746,0.890982465687163,0.8925426393165863,0.0010904861729598553,,2.3717561119329433,39483,9238
mimic,biomedclip,logistic_regression,gender,demographic,patient_balanced,roc,0.9607866886564439,0.9602824576477818,0.961290919665106,0.0007048663463526473,,1.7815059910278763,39483,9238
mimic,biomedclip,random_forest,gender,demographic,per_radiograph,accuracy,0.7215079907808424,0.7206161642761008,0.722399817285584,0.0012466874888268924,,0.0,39483,9238
mimic,biomedclip,random_forest,gender,demographic,per_radiograph,precision,0.7275870385986096,0.7268248516161889,0.7283492255810303,0.0010654639328150336,,0.0,39483,9238
mimic,biomedclip,random_forest,gender,demographic,per_radiograph,recall,0.7176703111522393,0.7166842891074461,0.7186563331970326,0.0013783637741372797,,0.0,39483,9238
mimic,biomedclip,random_forest,gender,demographic,per_radiograph,f1,0.7170280908290593,0.7159420233312372,0.7181141583268813,0.0015182176739058006,,0.0,39483,9238
mimic,biomedclip,random_forest,gender,demographic,per_radiograph,roc,0.8053976212970525,0.8046550502345119,0.8061401923595931,0.001038042767637284,,0.0,39483,9238
mimic,biomedclip,random_forest,gender,demographic,one_per_patient,accuracy,0.7413223100238147,0.7402257591769664,0.7424188608706629,0.001532872385334967,0.002373095370714783,1.9814319242972278,39483,9238
mimic,biomedclip,random_forest,gender,demographic,one_per_patient,precision,0.7473028090904312,0.7462610233608142,0.7483445948200482,0.0014563160303564162,0.002366490280079959,1.9715770491821605,39483,9238
mimic,biomedclip,random_forest,gender,demographic,one_per_patient,recall,0.7457134343803778,0.7446641201631498,0.7467627485976059,0.0014668401303519392,0.002361281456762677,2.804312322813851,39483,9238
mimic,biomedclip,random_forest,gender,demographic,one_per_patient,f1,0.7412250930646789,0.7401178258268263,0.7423323603025315,0.0015478528669864893,0.002378056546544228,2.4197002235619602,39483,9238
mimic,biomedclip,random_forest,gender,demographic,one_per_patient,roc,0.8334138287636929,0.8326431719220977,0.834184485605288,0.0010773039795155964,0.002206024111028459,2.8016207466640353,39483,9238
mimic,biomedclip,random_forest,gender,demographic,patient_balanced,accuracy,0.7414778685547839,0.7403813265330992,0.7425744105764687,0.0015328600486070887,,1.9969877773941547,39483,9238
mimic,biomedclip,random_forest,gender,demographic,patient_balanced,precision,0.7474854463923456,0.7464469310775089,0.7485239617071823,0.0014517443057348752,,1.9898407793735973,39483,9238
mimic,biomedclip,random_forest,gender,demographic,patient_balanced,recall,0.7458823400652429,0.7448343316956338,0.746930348434852,0.0014650146812535464,,2.821202891300356,39483,9238
mimic,biomedclip,random_forest,gender,demographic,patient_balanced,f1,0.7413807303209821,0.7402732086215023,0.7424882520204619,0.0015482085798131982,,2.435263949192279,39483,9238
mimic,biomedclip,random_forest,gender,demographic,patient_balanced,roc,0.8334961849588108,0.8327302000908213,0.8342621698268003,0.0010707730107550211,,2.8098563661758336,39483,9238
mimic,biomedclip,xgboost,gender,demographic,per_radiograph,accuracy,0.8034445204265127,0.802792593276642,0.8040964475763834,0.0009113313150587405,,0.0,39483,9238
mimic,biomedclip,xgboost,gender,demographic,per_radiograph,precision,0.8039966520848958,0.8033256012782041,0.8046677028915875,0.0009380643439299213,,0.0,39483,9238
mimic,biomedclip,xgboost,gender,demographic,per_radiograph,recall,0.8022244451536416,0.8015724148525641,0.802876475454719,0.0009114755105028452,,0.0,39483,9238
mimic,biomedclip,xgboost,gender,demographic,per_radiograph,f1,0.8026710987494147,0.8020179603743789,0.8033242371244504,0.0009130244910873566,,0.0,39483,9238
mimic,biomedclip,xgboost,gender,demographic,per_radiograph,roc,0.888674610864518,0.8881893356575303,0.8891598860715058,0.0006783679627964776,,0.0,39483,9238
mimic,biomedclip,xgboost,gender,demographic,one_per_patient,accuracy,0.8350246265425417,0.8340095343938424,0.836039718691241,0.001419000977277002,0.0019129806648183665,3.1580106116029016,39483,9238
mimic,biomedclip,xgboost,gender,demographic,one_per_patient,precision,0.8345676971123875,0.8335464297107783,0.8355889645139968,0.0014276333856010827,0.0019089798749711991,3.057104502749175,39483,9238
mimic,biomedclip,xgboost,gender,demographic,one_per_patient,recall,0.8358798860979,0.8348477995745573,0.8369119726212426,0.0014427574749092849,0.0019160097253949218,3.365544094425843,39483,9238
mimic,biomedclip,xgboost,gender,demographic,one_per_patient,f1,0.8347407123104025,0.8337215900165985,0.8357598346042064,0.0014246347316602232,0.001914606301324387,3.206961356098781,39483,9238
mimic,biomedclip,xgboost,gender,demographic,one_per_patient,roc,0.9185513246096884,0.9179737426820916,0.9191289065372851,0.0008074038605928742,0.0013803266617125754,2.9876713745170314,39483,9238
mimic,biomedclip,xgboost,gender,demographic,patient_balanced,accuracy,0.8350034550845267,0.833985722564993,0.8360211876040603,0.0014226919611932108,,3.155893465801396,39483,9238
mimic,biomedclip,xgboost,gender,demographic,patient_balanced,precision,0.8345447488832829,0.8335223511785782,0.8355671465879876,0.0014292134403765346,,3.0548096798387103,39483,9238
mimic,biomedclip,xgboost,gender,demographic,patient_balanced,recall,0.8358677062902945,0.8348357654564832,0.8368996471241058,0.0014425538149876749,,3.3643261136652947,39483,9238
mimic,biomedclip,xgboost,gender,demographic,patient_balanced,f1,0.8347223141615574,0.8337011775461568,0.835743450776958,0.0014274505590881577,,3.205121541214273,39483,9238
mimic,biomedclip,xgboost,gender,demographic,patient_balanced,roc,0.9185528242676158,0.9179731579324781,0.9191324906027534,0.0008103176614151155,,2.987821340309771,39483,9238
mimic,biomedclip,mlp,gender,demographic,per_radiograph,accuracy,0.8434212192589217,0.8429345497448253,0.843907888773018,0.000680317069734515,,0.0,39483,9238
mimic,biomedclip,mlp,gender,demographic,per_radiograph,precision,0.8439663282130994,0.8434858796778452,0.8444467767483536,0.0006716207409648597,,0.0,39483,9238
mimic,biomedclip,mlp,gender,demographic,per_radiograph,recall,0.8424448743258406,0.8418934519245816,0.8429962967270995,0.000770835364337674,,0.0,39483,9238
mimic,biomedclip,mlp,gender,demographic,per_radiograph,f1,0.8428889177768376,0.8423756651049015,0.8434021704487737,0.0007174777619949757,,0.0,39483,9238
mimic,biomedclip,mlp,gender,demographic,per_radiograph,roc,0.9256665709966632,0.9252762693844446,0.9260568726088817,0.0005456040319891326,,0.0,39483,9238
mimic,biomedclip,mlp,gender,demographic,one_per_patient,accuracy,0.8729062026412645,0.8723698382554745,0.8734425670270545,0.0007497857101818047,0.0019950436426985512,2.9484983382342844,39483,9238
mimic,biomedclip,mlp,gender,demographic,one_per_patient,precision,0.872276849971608,0.8717332048134555,0.8728204951297606,0.000759963528137709,0.0019945104137256355,2.8310521758508678,39483,9238
mimic,biomedclip,mlp,gender,demographic,one_per_patient,recall,0.8734651223654433,0.8728783431604603,0.8740519015704262,0.0008202607678363055,0.0019998459132552107,3.1020248039602683,39483,9238
mimic,biomedclip,mlp,gender,demographic,one_per_patient,f1,0.8726060720170563,0.8720639466167703,0.8731481974173423,0.0007578390531325428,0.0019985290831502564,2.97171542402187,39483,9238
mimic,biomedclip,mlp,gender,demographic,one_per_patient,roc,0.9492507843890389,0.9489795198414789,0.9495220489365989,0.0003792016897987273,0.001107517832435057,2.358421339237571,39483,9238
mimic,biomedclip,mlp,gender,demographic,patient_balanced,accuracy,0.8730150105838266,0.8724933249655855,0.8735366962020676,0.0007292662080619479,,2.9593791324904917,39483,9238
mimic,biomedclip,mlp,gender,demographic,patient_balanced,precision,0.87238104661397,0.8718541320571452,0.8729079611707947,0.0007365757601748635,,2.841471840087062,39483,9238
mimic,biomedclip,mlp,gender,demographic,patient_balanced,recall,0.8735809258099103,0.873017427833272,0.8741444237865487,0.0007877158547309689,,3.1136051484069727,39483,9238
mimic,biomedclip,mlp,gender,demographic,patient_balanced,f1,0.87271692376032,0.8721914405389934,0.8732424069816465,0.0007345748911174522,,2.982800598348234,39483,9238
mimic,biomedclip,mlp,gender,demographic,patient_balanced,roc,0.949281545802134,0.9490061702981547,0.9495569213061132,0.000384948410610282,,2.361497480547081,39483,9238
mimic,biomedclip,logistic_regression,age_decile,demographic,per_radiograph,accuracy,0.5653445786794318,0.5647275427925899,0.5659616145662737,0.0008625566925777036,,0.0,39483,9238
mimic,biomedclip,logistic_regression,age_decile,demographic,per_radiograph,precision,0.5686301763906837,0.5669046065268176,0.5703557462545498,0.0024121803388226855,,0.0,39483,9238
mimic,biomedclip,logistic_regression,age_decile,demographic,per_radiograph,recall,0.48972401361976026,0.48763335051134493,0.4918146767281756,0.0029225455026912132,,0.0,39483,9238
mimic,biomedclip,logistic_regression,age_decile,demographic,per_radiograph,f1,0.5122631900025445,0.5105044853451858,0.5140218946599032,0.0024584995862014843,,0.0,39483,9238
mimic,biomedclip,logistic_regression,age_decile,demographic,per_radiograph,roc,0.7952543657780076,0.7950520559487924,0.7954566756072228,0.0002828096402252484,,0.0,39483,9238
mimic,biomedclip,logistic_regression,age_decile,demographic,one_per_patient,accuracy,0.5795279822472397,0.578642461174183,0.5804135033202963,0.0012378731031234495,0.002494333258223164,1.4183403567807895,39483,9238
mimic,biomedclip,logistic_regression,age_decile,demographic,one_per_patient,precision,0.6122108288395427,0.6110491612833826,0.6133724963957028,0.0016238992682332473,0.00350149527647724,4.3580652448859,39483,9238
mimic,biomedclip,logistic_regression,age_decile,demographic,one_per_patient,recall,0.5338135028328603,0.5316292428221199,0.5359977628436008,0.0030533849501637243,0.002437607656168152,4.4089489213100075,39483,9238
mimic,biomedclip,logistic_regression,age_decile,demographic,one_per_patient,f1,0.5518051460480278,0.5497251975435594,0.5538850945524961,0.0029075675191737992,0.002692889876833018,3.9541956045483273,39483,9238
mimic,biomedclip,logistic_regression,age_decile,demographic,one_per_patient,roc,0.8293866118020585,0.8290394736771161,0.829733749927001,0.0004852656373854447,0.0011731969817798996,3.413224602405096,39483,9238
mimic,biomedclip,logistic_regression,age_decile,demographic,patient_balanced,accuracy,0.5793685290829216,0.5784495589763152,0.5802874991895279,0.0012846316278120468,,1.4023950403489804,39483,9238
mimic,biomedclip,logistic_regression,age_decile,demographic,patient_balanced,precision,0.6121372349687108,0.6109954987737495,0.613278971163672,0.0015960371464980008,,4.350705857802706,39483,9238
mimic,biomedclip,logistic_regression,age_decile,demographic,patient_balanced,recall,0.533608946778745,0.531398315821166,0.535819577736324,0.003090248991899747,,4.3884933158984785,39483,9238
mimic,biomedclip,logistic_regression,age_decile,demographic,patient_balanced,f1,0.5516360834109724,0.5495203728897975,0.5537517939321472,0.0029575593713627515,,3.9372893408427867,39483,9238
mimic,biomedclip,logistic_regression,age_decile,demographic,patient_balanced,roc,0.8293005813008115,0.8289500727705224,0.8296510898311007,0.0004899771391805427,,3.4046215522803958,39483,9238
mimic,biomedclip,random_forest,age_decile,demographic,per_radiograph,accuracy,0.4913051186586633,0.49099565784902727,0.4916145794682993,0.00043259638237283824,,0.0,39483,9238
mimic,biomedclip,random_forest,age_decile,demographic,per_radiograph,precision,0.42418499530142323,0.42229650098520977,0.4260734896176367,0.00263993301861579,,0.0,39483,9238
mimic,biomedclip,random_forest,age_decile,demographic,per_radiograph,recall,0.317160149223238,0.31683408564074345,0.3174862128057325,0.00045580545845722416,,0.0,39483,9238
mimic,biomedclip,random_forest,age_decile,demographic,per_radiograph,f1,0.28336502391649115,0.2827638827523149,0.2839661650806674,0.0008403374024127023,,0.0,39483,9238
mimic,biomedclip,random_forest,age_decile,demographic,per_radiograph,roc,0.71143463867334,0.7109338368672022,0.7119354404794778,0.0007000726517707123,,0.0,39483,9238
mimic,biomedclip,random_forest,age_decile,demographic,one_per_patient,accuracy,0.4748803853647976,0.4744189340797555,0.4753418366498397,0.0006450644163482973,0.0018931340572959456,-1.6424733293865679,39483,9238
mimic,biomedclip,random_forest,age_decile,demographic,one_per_patient,precision,0.42586329840886783,0.4237272047747711,0.42799939204296455,0.0029860529984616067,0.0034897357745236664,0.1678303107444601,39483,9238
mimic,biomedclip,random_forest,age_decile,demographic,one_per_patient,recall,0.350778831133338,0.35010820779933255,0.3514494544673435,0.0009374667783194579,0.001599215334675251,3.3618681910100037,39483,9238
mimic,biomedclip,random_forest,age_decile,demographic,one_per_patient,f1,0.3163473785420984,0.31505910189344466,0.3176356551907521,0.001800886575455442,0.0018676026785763163,3.298235462560722,39483,9238
mimic,biomedclip,random_forest,age_decile,demographic,one_per_patient,roc,0.7467706252141113,0.7463264307891684,0.7472148196390542,0.0006209409893501578,0.0013931781350479736,3.5335986540771303,39483,9238
mimic,biomedclip,random_forest,age_decile,demographic,patient_balanced,accuracy,0.47472785276668245,0.4742652425320434,0.4751904630013215,0.0006466845161715484,,-1.657726589198083,39483,9238
mimic,biomedclip,random_forest,age_decile,demographic,patient_balanced,precision,0.4254018092624337,0.4232457100132774,0.42755790851159003,0.0030140189199368596,,0.12168139610104767,39483,9238
mimic,biomedclip,random_forest,age_decile,demographic,patient_balanced,recall,0.35065428586127884,0.3499813958338496,0.3513271758887081,0.0009406353972351779,,3.349413663804085,39483,9238
mimic,biomedclip,random_forest,age_decile,demographic,patient_balanced,f1,0.3162052145840025,0.31491232256083035,0.3174981066071747,0.0018073384241477331,,3.284019066751137,39483,9238
mimic,biomedclip,random_forest,age_decile,demographic,patient_balanced,roc,0.7464940392224938,0.7460513414734666,0.746936736971521,0.0006188487806873564,,3.5059400549153796,39483,9238
mimic,biomedclip,xgboost,age_decile,demographic,per_radiograph,accuracy,0.5165007724843604,0.5147709604759214,0.5182305844927995,0.0024181104480275376,,0.0,39483,9238
mimic,biomedclip,xgboost,age_decile,demographic,per_radiograph,precision,0.5080317423727811,0.50515097060893,0.5109125141366323,0.0040270412429598305,,0.0,39483,9238
mimic,biomedclip,xgboost,age_decile,demographic,per_radiograph,recall,0.42831954446667353,0.4262519074286838,0.43038718150466326,0.00289035727576167,,0.0,39483,9238
mimic,biomedclip,xgboost,age_decile,demographic,per_radiograph,f1,0.44708745086458046,0.4448385511570579,0.449336350572103,0.0031437450155254736,,0.0,39483,9238
mimic,biomedclip,xgboost,age_decile,demographic,per_radiograph,roc,0.7503012032178964,0.7493949316632204,0.7512074747725724,0.0012668802762502522,,0.0,39483,9238
mimic,biomedclip,xgboost,age_decile,demographic,one_per_patient,accuracy,0.5260125027062135,0.5240133760993022,0.5280116293131247,0.002794586296960784,0.002138478277687317,0.9511730221853032,39483,9238
mimic,biomedclip,xgboost,age_decile,demographic,one_per_patient,precision,0.5563047651983978,0.5537439587676998,0.5588655716290958,0.003579760549260345,0.0029150826601463983,4.8273022825616625,39483,9238
mimic,biomedclip,xgboost,age_decile,demographic,one_per_patient,recall,0.4745362431118461,0.4722871479896162,0.47678533823407604,0.003144018186450007,0.002088765780011379,4.6216698645172585,39483,9238
mimic,biomedclip,xgboost,age_decile,demographic,one_per_patient,f1,0.49203691636773694,0.4896234590595669,0.494450373675907,0.003373780679220006,0.002307292016528812,4.494946550315648,39483,9238
mimic,biomedclip,xgboost,age_decile,demographic,one_per_patient,roc,0.7867211642162824,0.7859647562772683,0.7874775721552965,0.0010573853871852354,0.0013769100085536837,3.641996099838596,39483,9238
mimic,biomedclip,xgboost,age_decile,demographic,patient_balanced,accuracy,0.5259575304802018,0.5240032281849515,0.5279118327754521,0.0027319262299567355,,0.9456757995841336,39483,9238
mimic,biomedclip,xgboost,age_decile,demographic,patient_balanced,precision,0.55627135910123,0.5537622519791744,0.5587804662232857,0.003507489899170022,,4.82396167284489,39483,9238
mimic,biomedclip,xgboost,age_decile,demographic,patient_balanced,recall,0.47439255441780803,0.4721618020121293,0.47662330682348675,0.003118376836799704,,4.60730099511345,39483,9238
mimic,biomedclip,xgboost,age_decile,demographic,patient_balanced,f1,0.49191502452141406,0.48950674628299906,0.49432330275982905,0.003366540838922546,,4.4827573656833595,39483,9238
mimic,biomedclip,xgboost,age_decile,demographic,patient_balanced,roc,0.7866773500968895,0.7859324134767283,0.7874222867170508,0.0010413495891706001,,3.6376146878993154,39483,9238
mimic,biomedclip,mlp,age_decile,demographic,per_radiograph,accuracy,0.5435275941544463,0.5424442910730457,0.5446108972358469,0.0015143532862157323,,0.0,39483,9238
mimic,biomedclip,mlp,age_decile,demographic,per_radiograph,precision,0.5563470361938857,0.5538020679238962,0.5588920044638752,0.003557620327259476,,0.0,39483,9238
mimic,biomedclip,mlp,age_decile,demographic,per_radiograph,recall,0.45264520419229726,0.45009007199051004,0.45520033639408447,0.003571828524192464,,0.0,39483,9238
mimic,biomedclip,mlp,age_decile,demographic,per_radiograph,f1,0.47576351919214616,0.47274237301195465,0.47878466537233766,0.004223271146054668,,0.0,39483,9238
mimic,biomedclip,mlp,age_decile,demographic,per_radiograph,roc,0.7777224406892181,0.777394585402202,0.7780502959762343,0.0004583100886727767,,0.0,39483,9238
mimic,biomedclip,mlp,age_decile,demographic,one_per_patient,accuracy,0.5555501731976618,0.554320211508533,0.5567801348867906,0.0017193678831260828,0.00226436447177233,1.2022579043215464,39483,9238
mimic,biomedclip,mlp,age_decile,demographic,one_per_patient,precision,0.596691658395803,0.5943908184997064,0.5989924982918995,0.0032163523925413267,0.003333453975867089,4.034462220191726,39483,9238
mimic,biomedclip,mlp,age_decile,demographic,one_per_patient,recall,0.4997483661873038,0.49643924089043756,0.50305749148417,0.004625838192327656,0.002216067757432032,4.710316199500653,39483,9238
mimic,biomedclip,mlp,age_decile,demographic,one_per_patient,f1,0.5183323998234317,0.5140562578803357,0.5226085417665277,0.005977634251238592,0.0024942959032031205,4.256888063128556,39483,9238
mimic,biomedclip,mlp,age_decile,demographic,one_per_patient,roc,0.8136006002153462,0.8130461706354435,0.8141550297952489,0.0007750391102141355,0.0012321142592878517,3.587815952612805,39483,9238
mimic,biomedclip,mlp,age_decile,demographic,patient_balanced,accuracy,0.5553514831294573,0.554085467293499,0.5566174989654156,0.0017697681050680462,,1.1823888975010965,39483,9238
mimic,biomedclip,mlp,age_decile,demographic,patient_balanced,precision,0.596514377575066,0.5942253495765182,0.5988034055736138,0.0031998404983387347,,4.016734138118028,39483,9238
mimic,biomedclip,mlp,age_decile,demographic,patient_balanced,recall,0.49951496967411096,0.4961786687793304,0.5028512705688915,0.004663827058705876,,4.686976548181371,39483,9238
mimic,biomedclip,mlp,age_decile,demographic,patient_balanced,f1,0.5181247857182817,0.5138217395521929,0.5224278318843705,0.0060152437616348055,,4.236126652613553,39483,9238
mimic,biomedclip,mlp,age_decile,demographic,patient_balanced,roc,0.813534968898067,0.8129693899007883,0.8141005478953457,0.0007906249209927729,,3.5812528208848837,39483,9238
mimic,biomedclip,logistic_regression,insurance,demographic,per_radiograph,accuracy,0.6289263733758833,0.6283328262443726,0.629519920507394,0.0008297216767491045,,0.0,39483,9238
mimic,biomedclip,logistic_regression,insurance,demographic,per_radiograph,precision,0.5129210452808058,0.5110741826912928,0.5147679078703189,0.0025817358776476385,,0.0,39483,9238
mimic,biomedclip,logistic_regression,insurance,demographic,per_radiograph,recall,0.45029216158354596,0.4493586384470636,0.45122568472002833,0.0013049753607853054,,0.0,39483,9238
mimic,biomedclip,logistic_regression,insurance,demographic,per_radiograph,f1,0.44018303686893445,0.43853909588851975,0.44182697784934916,0.0022980710281163158,,0.0,39483,9238
mimic,biomedclip,logistic_regression,insurance,demographic,per_radiograph,roc,0.7204937510087346,0.7202793473592916,0.7207081546581776,0.00029971563515806626,,0.0,39483,9238
mimic,biomedclip,logistic_regression,insurance,demographic,one_per_patient,accuracy,0.6224620588872052,0.6214600287046005,0.6234640890698099,0.0014007416077437332,0.0018299981771051322,-0.6464314488678125,39483,9238
mimic,biomedclip,logistic_regression,insurance,demographic,one_per_patient,precision,0.5321766308499729,0.5301265985566672,0.5342266631432786,0.0028657475396471196,0.003833128975157865,1.9255585569167066,39483,9238
mimic,biomedclip,logistic_regression,insurance,demographic,one_per_patient,recall,0.49737699916524064,0.4961708382239522,0.4985831601065291,0.0016860967318432462,0.0019236575105477803,4.708483758169468,39483,9238
mimic,biomedclip,logistic_regression,insurance,demographic,one_per_patient,f1,0.48391233281059104,0.481855176161395,0.4859694894597871,0.0028757067024520297,0.0023910230133796524,4.372929594165659,39483,9238
mimic,biomedclip,logistic_regression,insurance,demographic,one_per_patient,roc,0.7522338338016505,0.7520386269316841,0.752429040671617,0.00027288038786273756,0.0014474052931636658,3.174008279291596,39483,9238
mimic,biomedclip,logistic_regression,insurance,demographic,patient_balanced,accuracy,0.6226322627104512,0.621641025185606,0.6236235002352964,0.0013856545125201804,,-0.6294110665432062,39483,9238
mimic,biomedclip,logistic_regression,insurance,demographic,patient_balanced,precision,0.5324617468979141,0.5303930666664796,0.5345304271293487,0.002891815559642262,,1.9540701617108303,39483,9238
mimic,biomedclip,logistic_regression,insurance,demographic,patient_balanced,recall,0.49756208839423105,0.4963501631423504,0.4987740136461117,0.001694154682418578,,4.726992681068509,39483,9238
mimic,biomedclip,logistic_regression,insurance,demographic,patient_balanced,f1,0.4841482911525995,0.48207553693416144,0.48622104537103755,0.002897510600773957,,4.3965254283665045,39483,9238
mimic,biomedclip,logistic_regression,insurance,demographic,patient_balanced,roc,0.7523393107864034,0.7521467170672992,0.7525319045055076,0.0002692274548438206,,3.1845559777668786,39483,9238
mimic,biomedclip,random_forest,insurance,demographic,per_radiograph,accuracy,0.6025631284350227,0.6024031137165928,0.6027231431534525,0.00022368515225103293,,0.0,39483,9238
mimic,biomedclip,random_forest,insurance,demographic,per_radiograph,precision,0.4750800356903384,0.35988667434065846,0.5902733970400184,0.16102921546626903,,0.0,39483,9238
mimic,biomedclip,random_forest,insurance,demographic,per_radiograph,recall,0.38551607352788164,0.3851686005033774,0.38586354655238586,0.0004857337946911522,,0.0,39483,9238
mimic,biomedclip,random_forest,insurance,demographic,per_radiograph,f1,0.34416257526425137,0.3436372934836205,0.34468785704488225,0.0007342932964421973,,0.0,39483,9238
mimic,biomedclip,random_forest,insurance,demographic,per_radiograph,roc,0.672686835409819,0.6722755637080043,0.6730981071116336,0.000574918195898878,,0.0,39483,9238
mimic,biomedclip,random_forest,insurance,demographic,one_per_patient,accuracy,0.5760241394241177,0.5755374571868708,0.5765108216613646,0.0006803348554726385,0.0012999072289280342,-2.653898901090501,39483,9238
mimic,biomedclip,random_forest,insurance,demographic,one_per_patient,precision,0.3872327865369401,0.3831115721039695,0.3913540009699107,0.005761060525831786,0.018745236908488706,-8.784724915339831,39483,9238
mimic,biomedclip,random_forest,insurance,demographic,one_per_patient,recall,0.4258013506857843,0.4252537139835143,0.42634898738805427,0.0007655433220615699,0.0011460026855556439,4.028527715790265,39483,9238
mimic,biomedclip,random_forest,insurance,demographic,one_per_patient,f1,0.38164426009814606,0.38100378588588407,0.38228473431040805,0.0008953212122515199,0.0012624964075197962,3.748168483389469,39483,9238
mimic,biomedclip,random_forest,insurance,demographic,one_per_patient,roc,0.6973269579956343,0.6970772283073042,0.6975766876839643,0.00034909803238015297,0.0016505941908859863,2.464012258581527,39483,9238
mimic,biomedclip,random_forest,insurance,demographic,patient_balanced,accuracy,0.5760125355351906,0.5755221002597156,0.5765029708106656,0.0006855812411532388,,-2.655059289983208,39483,9238
mimic,biomedclip,random_forest,insurance,demographic,patient_balanced,precision,0.4837300809991003,0.3684722838909817,0.5989878781072189,0.16111929044548465,,0.86500453087619,39483,9238
mimic,biomedclip,random_forest,insurance,demographic,patient_balanced,recall,0.4257988984137439,0.42524568940957697,0.42635210741791085,0.0007733328629890353,,4.0282824885862265,39483,9238
mimic,biomedclip,random_forest,insurance,demographic,patient_balanced,f1,0.3816497140819576,0.3810028849456779,0.38229654321823725,0.0009042047834654119,,3.7487138817706214,39483,9238
mimic,biomedclip,random_forest,insurance,demographic,patient_balanced,roc,0.697312607539523,0.6970576846104747,0.6975675304685712,0.0003563576823180616,,2.462577212970396,39483,9238
mimic,biomedclip,xgboost,insurance,demographic,per_radiograph,accuracy,0.6080363700833269,0.6071782932213005,0.6088944469453533,0.0011995087415014828,,0.0,39483,9238
mimic,biomedclip,xgboost,insurance,demographic,per_radiograph,precision,0.4794193924586729,0.47658945769202254,0.4822493272253232,0.003955976021145009,,0.0,39483,9238
mimic,biomedclip,xgboost,insurance,demographic,per_radiograph,recall,0.42842403348742897,0.42727529324523034,0.4295727737296276,0.0016058281294027675,,0.0,39483,9238
mimic,biomedclip,xgboost,insurance,demographic,per_radiograph,f1,0.41919287714133635,0.41762317979050323,0.42076257449216947,0.0021942855904416455,,0.0,39483,9238
mimic,biomedclip,xgboost,insurance,demographic,per_radiograph,roc,0.6856531525798167,0.6844983618015307,0.6868079433581028,0.0016142861956306882,,0.0,39483,9238
mimic,biomedclip,xgboost,insurance,demographic,one_per_patient,accuracy,0.590297683481273,0.5885974841091587,0.5919978828533873,0.0023767148368621905,0.001593111342155761,-1.773868660205391,39483,9238
mimic,biomedclip,xgboost,insurance,demographic,one_per_patient,precision,0.49351457199130416,0.48947782715639415,0.4975513168262142,0.0056429801699234925,0.00269223858072749,1.4095179532631286,39483,9238
mimic,biomedclip,xgboost,insurance,demographic,one_per_patient,recall,0.46794889927862665,0.4659466818744261,0.4699511166828272,0.0027989069336435256,0.0015320765151493635,3.9524865791197685,39483,9238
mimic,biomedclip,xgboost,insurance,demographic,one_per_patient,f1,0.45596318890851356,0.4533094780631912,0.4586168997538359,0.003709631965677277,0.0017836266187239603,3.677031176717721,39483,9238
mimic,biomedclip,xgboost,insurance,demographic,one_per_patient,roc,0.7140389557267919,0.7123798042733538,0.71569810718023,0.0023193338032373887,0.0016614780982690122,2.838580314697514,39483,9238
mimic,biomedclip,xgboost,insurance,demographic,patient_balanced,accuracy,0.5904561250342739,0.5887763592025232,0.5921358908660246,0.002348150717060386,,-1.7580245049052978,39483,9238
mimic,biomedclip,xgboost,insurance,demographic,patient_balanced,precision,0.49377265895929934,0.48978260685420116,0.4977627110643975,0.005577708234444857,,1.435326650062646,39483,9238
mimic,biomedclip,xgboost,insurance,demographic,patient_balanced,recall,0.4681173571329875,0.4661328623508873,0.47010185191508774,0.002774132416263529,,3.9693323645558554,39483,9238
mimic,biomedclip,xgboost,insurance,demographic,patient_balanced,f1,0.4561612456023056,0.4535193429588836,0.4588031482457276,0.003693125237634982,,3.6968368460969234,39483,9238
mimic,biomedclip,xgboost,insurance,demographic,patient_balanced,roc,0.7140745497470045,0.7124290346937281,0.7157200648002808,0.002300271430249024,,2.8421397167187723,39483,9238
mimic,biomedclip,mlp,insurance,demographic,per_radiograph,accuracy,0.6176759618063471,0.6168911206453621,0.6184608029673321,0.0010971322907697356,,0.0,39483,9238
mimic,biomedclip,mlp,insurance,demographic,per_radiograph,precision,0.37474797471909504,0.3740546761846468,0.3754412732535433,0.0009691645228340818,,0.0,39483,9238
mimic,biomedclip,mlp,insurance,demographic,per_radiograph,recall,0.42741755870245024,0.42547383080499435,0.42936128659990613,0.0027171442411259654,,0.0,39483,9238
mimic,biomedclip,mlp,insurance,demographic,per_radiograph,f1,0.3934924185781941,0.3917119881589765,0.3952728489974117,0.002488870107093943,,0.0,39483,9238
mimic,biomedclip,mlp,insurance,demographic,per_radiograph,roc,0.6981837649583438,0.6976538308126747,0.6987136991040128,0.0007407968543155797,,0.0,39483,9238
mimic,biomedclip,mlp,insurance,demographic,one_per_patient,accuracy,0.6091526304394891,0.6082887187488901,0.610016542130088,0.0012076652694159682,0.0015839987487411883,-0.8523331366858011,39483,9238
mimic,biomedclip,mlp,insurance,demographic,one_per_patient,precision,0.3939761517825964,0.39334034323916933,0.3946119603260234,0.0008887990569526679,0.0012389142971788504,1.9228177063501328,39483,9238
mimic,biomedclip,mlp,insurance,demographic,one_per_patient,recall,0.4698876483595349,0.4680457165393879,0.47172958017968186,0.0025748431373597237,0.0013645683939719514,4.247008965708465,39483,9238
mimic,biomedclip,mlp,insurance,demographic,one_per_patient,f1,0.4262605299616607,0.4246699929126456,0.42785106701067577,0.0022234174797230873,0.00128837482677577,3.276811138346658,39483,9238
mimic,biomedclip,mlp,insurance,demographic,one_per_patient,roc,0.7253586244461443,0.7249517790729796,0.725765469819309,0.0005687306151083104,0.001414293422269242,2.717485948780052,39483,9238
mimic,biomedclip,mlp,insurance,demographic,patient_balanced,accuracy,0.6093163653854352,0.6084604483158829,0.6101722824549876,0.0011964895598089958,,-0.8359596420911886,39483,9238
mimic,biomedclip,mlp,insurance,demographic,patient_balanced,precision,0.39411030119158685,0.3934742333086345,0.3947463690745392,0.0008891615886108707,,1.9362326472491809,39483,9238
mimic,biomedclip,mlp,insurance,demographic,patient_balanced,recall,0.4700472955871211,0.46821840556556726,0.47187618560867495,0.0025566119600495566,,4.262973688467087,39483,9238
mimic,biomedclip,mlp,insurance,demographic,patient_balanced,f1,0.42641321204233257,0.4248364144199525,0.4279900096647126,0.0022042110856559495,,3.2920793464138454,39483,9238
mimic,biomedclip,mlp,insurance,demographic,patient_balanced,roc,0.7254893862649983,0.7250863708575048,0.7258924016724917,0.000563376692277224,,2.730562130665448,39483,9238
mimic,biomedclip,logistic_regression,disease,disease,per_radiograph,accuracy,0.7890155256692755,0.7886926538910833,0.7893383974474676,0.00045134362370626154,,0.0,39483,9238
mimic,biomedclip,logistic_regression,disease,disease,per_radiograph,precision,0.7622153627531388,0.761856767026637,0.7625739584796407,0.0005012822599460572,,0.0,39483,9238
mimic,biomedclip,logistic_regression,disease,disease,per_radiograph,recall,0.7269214907027295,0.7263192310448279,0.7275237503606311,0.0008419009488270947,,0.0,39483,9238
mimic,biomedclip,logistic_regression,disease,disease,per_radiograph,f1,0.7392380141929362,0.7386980065235986,0.7397780218622738,0.0007548786693986457,,0.0,39483,9238
mimic,biomedclip,logistic_regression,disease,disease,per_radiograph,roc,0.8289195553860204,0.8288293437760812,0.8290097669959595,0.0001261071350314033,,0.0,39483,9238
mimic,biomedclip,logistic_regression,disease,disease,one_per_patient,accuracy,0.7475610521757957,0.7468337610206245,0.7482883433309669,0.0010166829299934226,0.0024031125078773806,-4.145447349347975,39483,9238
mimic,biomedclip,logistic_regression,disease,disease,one_per_patient,precision,0.7482824531868706,0.7476121846741699,0.7489527216995713,0.0009369707723372885,0.002385828794189336,-1.3932909566268248,39483,9238
mimic,biomedclip,logistic_regression,disease,disease,one_per_patient,recall,0.7442461247630946,0.743460391655085,0.7450318578711042,0.0010983791467337372,0.0023653999989684173,1.7324634060365107,39483,9238
mimic,biomedclip,logistic_regression,disease,disease,one_per_patient,f1,0.7450054919783853,0.7442236564269031,0.7457873275298674,0.00109293073840113,0.0023952674171644917,0.576747778544906,39483,9238
mimic,biomedclip,logistic_regression,disease,disease,one_per_patient,roc,0.8282052951210608,0.828058808818986,0.8283517814231356,0.0002047737302157684,0.0023603808002319007,-0.07142602649595764,39483,9238
mimic,biomedclip,logistic_regression,disease,disease,patient_balanced,accuracy,0.7479721545858942,0.7472731520617336,0.7486711571100547,0.0009771381506337383,,-4.10433710833813,39483,9238
mimic,biomedclip,logistic_regression,disease,disease,patient_balanced,precision,0.7486474970805301,0.748004014051316,0.7492909801097443,0.0008995272483252181,,-1.3567865672608703,39483,9238
mimic,biomedclip,logistic_regression,disease,disease,patient_balanced,recall,0.7446459034497914,0.7438891126967472,0.7454026942028357,0.0010579205242992617,,1.7724412747061935,39483,9238
mimic,biomedclip,logistic_regression,disease,disease,patient_balanced,f1,0.7454203197693736,0.7446679857589673,0.7461726537797799,0.0010516904276850047,,0.6182305576437397,39483,9238
mimic,biomedclip,logistic_regression,disease,disease,patient_balanced,roc,0.8285987219880969,0.8284516760031252,0.8287457679730686,0.00020555611295669933,,-0.03208333979234368,39483,9238
mimic,biomedclip,random_forest,disease,disease,per_radiograph,accuracy,0.7748625990932807,0.7745189968291588,0.7752062013574026,0.00048032284478630464,,0.0,39483,9238
mimic,biomedclip,random_forest,disease,disease,per_radiograph,precision,0.7473786413578226,0.746921593203452,0.7478356895121933,0.0006389092640954319,,0.0,39483,9238
mimic,biomedclip,random_forest,disease,disease,per_radiograph,recall,0.7016058599176052,0.7009847736482149,0.7022269461869954,0.0008682187369564928,,0.0,39483,9238
mimic,biomedclip,random_forest,disease,disease,per_radiograph,f1,0.7152111847587379,0.7146222094838378,0.715800160033638,0.0008233306618972051,,0.0,39483,9238
mimic,biomedclip,random_forest,disease,disease,per_radiograph,roc,0.8146389796988183,0.8145275640642536,0.8147503953333829,0.0001557483175628375,,0.0,39483,9238
mimic,biomedclip,random_forest,disease,disease,one_per_patient,accuracy,0.7282992530850834,0.7276000428850171,0.7289984632851496,0.0009774284615316625,0.0026507962218811527,-4.656334600819734,39483,9238
mimic,biomedclip,random_forest,disease,disease,one_per_patient,precision,0.7316147270631757,0.7309602293126559,0.7322692248136954,0.0009149247669811329,0.002635493062024761,-1.5763914294646963,39483,9238
mimic,biomedclip,random_forest,disease,disease,one_per_patient,recall,0.7231376496241505,0.7223927126330314,0.7238825866152696,0.0010413501077337975,0.0025807096836147113,2.1531789706545346,39483,9238
mimic,biomedclip,random_forest,disease,disease,one_per_patient,f1,0.7236395526859677,0.7228758718250561,0.7244032335468793,0.0010675522309475474,0.0026578259096815544,0.8428367927229785,39483,9238
mimic,biomedclip,random_forest,disease,disease,one_per_patient,roc,0.8083373400562841,0.8081643089655797,0.8085103711469885,0.00024188078601884626,0.002591080225320583,-0.6301639642534163,39483,9238
mimic,biomedclip,random_forest,disease,disease,patient_balanced,accuracy,0.7285393026275758,0.7278240708920252,0.7292545343631265,0.0009998250237935721,,-4.632329646570488,39483,9238
mimic,biomedclip,random_forest,disease,disease,patient_balanced,precision,0.7317917353135435,0.7311211153892664,0.7324623552378206,0.0009374620118479173,,-1.5586906044279147,39483,9238
mimic,biomedclip,random_forest,disease,disease,patient_balanced,recall,0.7233448543773873,0.7225833174682942,0.7241063912864804,0.0010645551929648013,,2.1738994459782113,39483,9238
mimic,biomedclip,random_forest,disease,disease,patient_balanced,f1,0.723877323563219,0.7230972265151259,0.7246574206113121,0.0010905004782406995,,0.8666138804481083,39483,9238
mimic,biomedclip,random_forest,disease,disease,patient_balanced,roc,0.8087023849733466,0.8085306520538668,0.8088741178928264,0.000240066067779883,,-0.59365947254717,39483,9238
mimic,biomedclip,xgboost,disease,disease,per_radiograph,accuracy,0.77683813286731,0.775968319430337,0.777707946304283,0.0012159153419666181,,0.0,39483,9238
mimic,biomedclip,xgboost,disease,disease,per_radiograph,precision,0.7443133580726057,0.7431760470512853,0.7454506690939261,0.001589851180298719,,0.0,39483,9238
mimic,biomedclip,xgboost,disease,disease,per_radiograph,recall,0.7174138126348852,0.7163182540684239,0.7185093712013466,0.0015314852730019235,,0.0,39483,9238
mimic,biomedclip,xgboost,disease,disease,per_radiograph,f1,0.7273081798708537,0.7262081040638074,0.7284082556779,0.001537799939914437,,0.0,39483,9238
mimic,biomedclip,xgboost,disease,disease,per_radiograph,roc,0.8137942108176809,0.8132684528683719,0.8143199687669899,0.0007349589343553542,,0.0,39483,9238
mimic,biomedclip,xgboost,disease,disease,one_per_patient,accuracy,0.7344772678068846,0.7330842615102992,0.7358702741034701,0.001947288528180056,0.002187033527277265,-4.236086506042536,39483,9238
mimic,biomedclip,xgboost,disease,disease,one_per_patient,precision,0.7343371127148284,0.7329433483994646,0.7357308770301921,0.0019483481653652494,0.00215905091835221,-0.9976245357777302,39483,9238
mimic,biomedclip,xgboost,disease,disease,one_per_patient,recall,0.7316733150746438,0.7302501847434764,0.7330964454058113,0.001989399024814511,0.002143620237109078,1.4259502439758598,39483,9238
mimic,biomedclip,xgboost,disease,disease,one_per_patient,f1,0.73226913289117,0.730843514620305,0.7336947511620351,0.001992876924694619,0.00216469276491999,0.49609530203162944,39483,9238
mimic,biomedclip,xgboost,disease,disease,one_per_patient,roc,0.8107843235092412,0.8102799547401981,0.8112886922782844,0.0007050589220862982,0.002372772168398204,-0.30098873084396516,39483,9238
mimic,biomedclip,xgboost,disease,disease,patient_balanced,accuracy,0.7348015182021659,0.7333989501124146,0.7362040862919171,0.0019606549933468644,,-4.203661466514408,39483,9238
mimic,biomedclip,xgboost,disease,disease,patient_balanced,precision,0.7346290809704403,0.7332233500980758,0.7360348118428048,0.001965076258573801,,-0.9684277102165351,39483,9238
mimic,biomedclip,xgboost,disease,disease,patient_balanced,recall,0.7319801485374018,0.7305493821580348,0.7334109149167688,0.0020000734841446,,1.4566335902516547,39483,9238
mimic,biomedclip,xgboost,disease,disease,patient_balanced,f1,0.7325883843171004,0.7311550322460002,0.7340217363882006,0.002003688031948046,,0.5280204446246661,39483,9238
mimic,biomedclip,xgboost,disease,disease,patient_balanced,roc,0.8111174524414405,0.8106484478838913,0.8115864569989897,0.0006556231632393771,,-0.26767583762403735,39483,9238
mimic,biomedclip,mlp,disease,disease,per_radiograph,accuracy,0.7863992097864905,0.7856820137348309,0.78711640583815,0.0010025709483696295,,0.0,39483,9238
mimic,biomedclip,mlp,disease,disease,per_radiograph,precision,0.7585353989350155,0.7576862112639032,0.7593845866061278,0.0011870825094489983,,0.0,39483,9238
mimic,biomedclip,mlp,disease,disease,per_radiograph,recall,0.7245056214982926,0.7211773464307213,0.7278338965658638,0.0046526077258916216,,0.0,39483,9238
mimic,biomedclip,mlp,disease,disease,per_radiograph,f1,0.7363627336294315,0.7338813668823828,0.7388441003764802,0.003468711528856203,,0.0,39483,9238
mimic,biomedclip,mlp,disease,disease,per_radiograph,roc,0.8289302128179215,0.8286795778018845,0.8291808478339584,0.0003503635932481519,,0.0,39483,9238
mimic,biomedclip,mlp,disease,disease,one_per_patient,accuracy,0.746039781337952,0.7439530112853698,0.7481265513905342,0.002917103385895359,0.002367424875276964,-4.035942844853846,39483,9238
mimic,biomedclip,mlp,disease,disease,one_per_patient,precision,0.7466078885537744,0.7450301970882116,0.7481855800193371,0.0022054605922662367,0.0023435852877763223,-1.192751038124118,39483,9238
mimic,biomedclip,mlp,disease,disease,one_per_patient,recall,0.7429221914111289,0.7403357720082584,0.7455086108139994,0.003615565015475879,0.0023387739706465746,1.8416569912836356,39483,9238
mimic,biomedclip,mlp,disease,disease,one_per_patient,f1,0.7435961961946113,0.7410793232130257,0.7461130691761968,0.003518345822227272,0.002364264838761444,0.723346256517976,39483,9238
mimic,biomedclip,mlp,disease,disease,one_per_patient,roc,0.8256599522588614,0.8252864173957128,0.8260334871220099,0.0005221657329671569,0.0023558753873860567,-0.3270260559060101,39483,9238
mimic,biomedclip,mlp,disease,disease,patient_balanced,accuracy,0.7464741445193543,0.7444134564688573,0.7485348325698514,0.0028806432610725837,,-3.992506526713613,39483,9238
mimic,biomedclip,mlp,disease,disease,patient_balanced,precision,0.7470020835612987,0.7454506350730031,0.7485535320495943,0.0021687754396556374,,-1.1533315373716824,39483,9238
mimic,biomedclip,mlp,disease,disease,patient_balanced,recall,0.7433448592194238,0.7407772936757889,0.7459124247630587,0.003589209137622726,,1.8839237721131274,39483,9238
mimic,biomedclip,mlp,disease,disease,patient_balanced,f1,0.7440327433252796,0.7415400100873066,0.7465254765632525,0.0034846007875313327,,0.7670009695848079,39483,9238
mimic,biomedclip,mlp,disease,disease,patient_balanced,roc,0.8259966621766331,0.8256316045411496,0.8263617198121167,0.000510315385827087,,-0.2933550641288307,39483,9238
chexpert,cxr-foundation,logistic_regression,gender,demographic,per_radiograph,accuracy,0.9289851403690859,0.9287847476482943,0.9291855330898774,0.00028012970744257154,,0.0,39503,11454
chexpert,cxr-foundation,logistic_regression,gender,demographic,per_radiograph,precision,0.9263899167712856,0.9261836682933938,0.9265961652491773,0.00028831549142138046,,0.0,39503,11454
chexpert,cxr-foundation,logistic_regression,gender,demographic,per_radiograph,recall,0.9261583884629786,0.9259311456667294,0.9263856312592278,0.000317663524804002,,0.0,39503,11454
chexpert,cxr-foundation,logistic_regression,gender,demographic,per_radiograph,f1,0.9262734768457026,0.9260637472978366,0.9264832063935686,0.0002931816916987859,,0.0,39503,11454
chexpert,cxr-foundation,logistic_regression,gender,demographic,per_radiograph,roc,0.9784750046971744,0.9784490613874818,0.978500948006867,3.626624622682329e-05,,0.0,39503,11454
chexpert,cxr-foundation,logistic_regression,gender,demographic,one_per_patient,accuracy,0.9326389034398463,0.9322684599715884,0.9330093469081043,0.000517844260895409,0.0013770050649490227,0.3653763070760485,39503,11454
chexpert,cxr-foundation,logistic_regression,gender,demographic,one_per_patient,precision,0.9321797654615895,0.9317954121001236,0.9325641188230555,0.0005372889507997935,0.0013923876507841463,0.5789848690303967,39503,11454
chexpert,cxr-foundation,logistic_regression,gender,demographic,one_per_patient,recall,0.931479204689776,0.9311081453332637,0.9318502640462882,0.0005187052133083605,0.0014109724379462035,0.5320816226797365,39503,11454
chexpert,cxr-foundation,logistic_regression,gender,demographic,one_per_patient,f1,0.93181428059008,0.9314403023405364,0.9321882588396235,0.0005227855444085501,0.00139547148886396,0.5540803744377376,39503,11454
chexpert,cxr-foundation,logistic_regression,gender,demographic,one_per_patient,roc,0.9807887980343193,0.9807442576028775,0.980833338465761,6.226322982122974e-05,0.0005743888467753499,0.2313793337144876,39503,11454
chexpert,cxr-foundation,logistic_regression,gender,demographic,patient_balanced,accuracy,0.9326609890055572,0.9322967789144042,0.9330251990967101,0.0005091306005492989,,0.36758486364713017,39503,11454
chexpert,cxr-foundation,logistic_regression,gender,demographic,patient_balanced,precision,0.932185096581948,0.9318074878020481,0.9325627053618479,0.0005278606758931712,,0.5795179810662465,39503,11454
chexpert,cxr-foundation,logistic_regression,gender,demographic,patient_balanced,recall,0.9315171781377967,0.9311516672183401,0.9318826890572532,0.0005109490331285456,,0.5358789674818065,39503,11454
chexpert,cxr-foundation,logistic_regression,gender,demographic,patient_balanced,f1,0.9318390271291292,0.9314712864348738,0.9322067678233847,0.0005140660433653312,,0.5565550283426646,39503,11454
chexpert,cxr-foundation,logistic_regression,gender,demographic,patient_balanced,roc,0.9808002038676829,0.9807573274765369,0.9808430802588288,5.9937061887621085e-05,,0.23251991705084407,39503,11454
chexpert,cxr-foundation,random_forest,gender,demographic,per_radiograph,accuracy,0.7277244766220287,0.726613400581648,0.7288355526624093,0.0015531772057831906,,0.0,39503,11454
chexpert,cxr-foundation,random_forest,gender,demographic,per_radiograph,precision,0.7653201190580885,0.7647466226031673,0.7658936155130097,0.0008016927635987498,,0.0,39503,11454
chexpert,cxr-foundation,random_forest,gender,demographic,per_radiograph,recall,0.6771207678292923,0.6755269333976671,0.6787146022609175,0.0022280269027712156,,0.0,39503,11454
chexpert,cxr-foundation,random_forest,gender,demographic,per_radiograph,f1,0.677619209461665,0.6756369386061092,0.6796014803172208,0.0027710235813227222,,0.0,39503,11454
chexpert,cxr-foundation,random_forest,gender,demographic,per_radiograph,roc,0.8357509799896137,0.835046804126349,0.8364551558528783,0.0009843699800336525,,0.0,39503,11454
chexpert,cxr-foundation,random_forest,gender,demographic,one_per_patient,accuracy,0.7167044700541295,0.7152307599947173,0.7181781801135417,0.0020601046094272262,0.001763652733341055,-1.1020006567899143,39503,11454
chexpert,cxr-foundation,random_forest,gender,demographic,one_per_patient,precision,0.7604451024918368,0.7597923921507928,0.7610978128328809,0.0009124261408258506,0.0021575504454937992,-0.48750165662516665,39503,11454
chexpert,cxr-foundation,random_forest,gender,demographic,one_per_patient,recall,0.6909854816482528,0.6892053738173568,0.6927655894791488,0.002488419159715189,0.0018759847110876033,1.3864713818960483,39503,11454
chexpert,cxr-foundation,random_forest,gender,demographic,one_per_patient,f1,0.6854083507489099,0.6831755889066623,0.6876411125911576,0.003121185835429691,0.002158680938333942,0.778914128724495,39503,11454
chexpert,cxr-foundation,random_forest,gender,demographic,one_per_patient,roc,0.839273455894797,0.8386130280186753,0.8399338837709186,0.0009232145109569022,0.0018247026283946385,0.35224759051832866,39503,11454
chexpert,cxr-foundation,random_forest,gender,demographic,patient_balanced,accuracy,0.7166728827109392,0.7152008078826632,0.7181449575392153,0.0020578187139219067,,-1.1051593911089452,39503,11454
chexpert,cxr-foundation,random_forest,gender,demographic,patient_balanced,precision,0.7604117787591035,0.7597522089413681,0.7610713485768389,0.0009220150280426862,,-0.49083402989850144,39503,11454
chexpert,cxr-foundation,random_forest,gender,demographic,patient_balanced,recall,0.6909509725601842,0.6891729206954325,0.692729024424936,0.0024855451172239953,,1.3830204730891915,39503,11454
chexpert,cxr-foundation,random_forest,gender,demographic,patient_balanced,f1,0.6853709391782399,0.6831405791693506,0.6876012991871292,0.003117828303911898,,0.7751729716574896,39503,11454
chexpert,cxr-foundation,random_forest,gender,demographic,patient_balanced,roc,0.8392519301127009,0.8385854659052578,0.839918394320144,0.0009316527202911281,,0.3500950123087265,39503,11454
chexpert,cxr-foundation,xgboost,gender,demographic,per_radiograph,accuracy,0.870880692605625,0.8698639302054351,0.8718974550058148,0.0014213358278622728,,0.0,39503,11454
chexpert,cxr-foundation,xgboost,gender,demographic,per_radiograph,precision,0.8685213327260233,0.8674582661523825,0.869584399299664,0.0014860645990018718,,0.0,39503,11454
chexpert,cxr-foundation,xgboost,gender,demographic,per_radiograph,recall,0.8619698996289994,0.8608667966595854,0.8630730025984134,0.0015420316211107162,,0.0,39503,11454
chexpert,cxr-foundation,xgboost,gender,demographic,per_radiograph,f1,0.8648429064533925,0.8637680795435669,0.865917733363218,0.0015025044153876568,,0.0,39503,11454
chexpert,cxr-foundation,xgboost,gender,demographic,per_radiograph,roc,0.942550191206967,0.9419642306578161,0.943136151756118,0.0008191163658949047,,0.0,39503,11454
chexpert,cxr-foundation,xgboost,gender,demographic,one_per_patient,accuracy,0.8756242360747338,0.8741288372482147,0.877119634901253,0.0020904234152225405,0.0014358514548587832,0.47435434691088796,39503,11454
chexpert,cxr-foundation,xgboost,gender,demographic,one_per_patient,precision,0.8761783039464384,0.874713192713765,0.8776434151791117,0.0020480842785030795,0.0014561114190936003,0.7656971220415087,39503,11454
chexpert,cxr-foundation,xgboost,gender,demographic,one_per_patient,recall,0.8718021629413272,0.8702240198521957,0.8733803060304587,0.002206091918482423,0.0014756123626211563,0.9832263312327783,39503,11454
chexpert,cxr-foundation,xgboost,gender,demographic,one_per_patient,f1,0.87352983496504,0.8719902472202503,0.8750694227098297,0.0021521952635132975,0.0014660779977338318,0.868692851164754,39503,11454
chexpert,cxr-foundation,xgboost,gender,demographic,one_per_patient,roc,0.9479326455236594,0.9473075527010067,0.9485577383463121,0.0008738195122181424,0.0009660952569983487,0.5382454316692376,39503,11454
chexpert,cxr-foundation,xgboost,gender,demographic,patient_balanced,accuracy,0.8757515374734659,0.8742377788932347,0.8772652960536971,0.002116088581181316,,0.4870844867840951,39503,11454
chexpert,cxr-foundation,xgboost,gender,demographic,patient_balanced,precision,0.8762916051513143,0.8748097029886114,0.8777735073140173,0.002071556380175808,,0.7770272425291047,39503,11454
chexpert,cxr-foundation,xgboost,gender,demographic,patient_balanced,recall,0.8719414129237919,0.8703425851210033,0.8735402407265805,0.0022350071543373786,,0.9971513294792511,39503,11454
chexpert,cxr-foundation,xgboost,gender,demographic,patient_balanced,f1,0.8736630177078328,0.8721042207854566,0.8752218146302091,0.0021790478421714167,,0.8820111254440377,39503,11454
chexpert,cxr-foundation,xgboost,gender,demographic,patient_balanced,roc,0.9479817114537626,0.947352126846214,0.9486112960613113,0.0008800985945314918,,0.5431520246795607,39503,11454
chexpert,cxr-foundation,mlp,gender,demographic,per_radiograph,accuracy,0.9450421486975673,0.943712186734804,0.9463721106603307,0.0018591586264564437,,0.0,39503,11454
chexpert,cxr-foundation,mlp,gender,demographic,per_radiograph,precision,0.943474733497418,0.9421000682691074,0.9448493987257285,0.0019216494826611052,,0.0,39503,11454
chexpert,cxr-foundation,mlp,gender,demographic,per_radiograph,recall,0.9423866833492383,0.940644720039791,0.9441286466586855,0.002435096795550566,,0.0,39503,11454
chexpert,cxr-foundation,mlp,gender,demographic,per_radiograph,f1,0.9428902608217735,0.9414839841478232,0.9442965374957238,0.0019658392365799735,,0.0,39503,11454
chexpert,cxr-foundation,mlp,gender,demographic,per_radiograph,roc,0.9870241039663776,0.9865370032364067,0.9875112046963486,0.0006809198679614444,,0.0,39503,11454
chexpert,cxr-foundation,mlp,gender,demographic,one_per_patient,accuracy,0.9478409725859962,0.946428591514359,0.9492533536576334,0.0019743725961320823,0.000989523006888061,0.2798823888428892,39503,11454
chexpert,cxr-foundation,mlp,gender,demographic,one_per_patient,precision,0.9478793521311196,0.9465212696526203,0.949237434609619,0.0018984683968668915,0.0009823278958613034,0.44046186337016735,39503,11454
chexpert,cxr-foundation,mlp,gender,demographic,one_per_patient,recall,0.9466001207210588,0.9450056350790371,0.9481946063630805,0.002228937232134104,0.001032463929744736,0.4213437371820561,39503,11454
chexpert,cxr-foundation,mlp,gender,demographic,one_per_patient,f1,0.9471719046854792,0.9457275722410152,0.9486162371299431,0.0020190375354921008,0.0010052497148302325,0.4281643863705664,39503,11454
chexpert,cxr-foundation,mlp,gender,demographic,one_per_patient,roc,0.988608488703837,0.9881493471213153,0.9890676302863587,0.0006418356748612232,0.00037636696437057986,0.15843847374593656,39503,11454
chexpert,cxr-foundation,mlp,gender,demographic,patient_balanced,accuracy,0.9478886988038002,0.9464849255755619,0.9492924720320386,0.001962339660786341,,0.28465501062329146,39503,11454
chexpert,cxr-foundation,mlp,gender,demographic,patient_balanced,precision,0.9479206538833637,0.9465726812001142,0.9492686265666131,0.0018843358776093407,,0.4445920385945712,39503,11454
chexpert,cxr-foundation,mlp,gender,demographic,patient_balanced,recall,0.9466532987197681,0.9450650102101957,0.9482415872293405,0.0022202742383230093,,0.4266615370529858,39503,11454
chexpert,cxr-foundation,mlp,gender,demographic,patient_balanced,f1,0.9472209122794609,0.9457850488233307,0.9486567757355912,0.0020071987061429483,,0.43306514576874067,39503,11454
chexpert,cxr-foundation,mlp,gender,demographic,patient_balanced,roc,0.9886131558518525,0.9881528221108112,0.9890734895928938,0.0006435021975572843,,0.1589051885474868,39503,11454
chexpert,cxr-foundation,logistic_regression,age_decile,demographic,per_radiograph,accuracy,0.660615649444346,0.6599568865262894,0.6612744123624027,0.0009208870600704679,,0.0,39503,11454
chexpert,cxr-foundation,logistic_regression,age_decile,demographic,per_radiograph,precision,0.6835400170087242,0.682697919805971,0.6843821142114774,0.0011771707181462753,,0.0,39503,11454
chexpert,cxr-foundation,logistic_regression,age_decile,demographic,per_radiograph,recall,0.6482089910932596,0.6473226458278182,0.649095336358701,0.0012390252446320496,,0.0,39503,11454
chexpert,cxr-foundation,logistic_regression,age_decile,demographic,per_radiograph,f1,0.6626001273944329,0.6617845908995998,0.6634156638892659,0.0011400414087095695,,0.0,39503,11454
chexpert,cxr-foundation,logistic_regression,age_decile,demographic,per_radiograph,roc,0.8814889413687179,0.8812814571032648,0.881696425634171,0.0002900430033124678,,0.0,39503,11454
chexpert,cxr-foundation,logistic_regression,age_decile,demographic,one_per_patient,accuracy,0.6773712240265409,0.67654663667068,0.6781958113824018,0.0011526936399972132,0.002441791729212921,1.6755574582194899,39503,11454
chexpert,cxr-foundation,logistic_regression,age_decile,demographic,one_per_patient,precision,0.7028961913314551,0.7019275099688377,0.7038648726940725,0.001354123171955716,0.0025614852616295406,1.9356174322730846,39503,11454
chexpert,cxr-foundation,logistic_regression,age_decile,demographic,one_per_patient,recall,0.6729655441518061,0.6720322435212704,0.6738988447823417,0.0013046643189194654,0.002381996796755722,2.4756553058546515,39503,11454
chexpert,cxr-foundation,logistic_regression,age_decile,demographic,one_per_patient,f1,0.6852631744230359,0.6843531647573556,0.6861731840887161,0.0012721057951107526,0.0023852652625486978,2.2663047028603,39503,11454
chexpert,cxr-foundation,logistic_regression,age_decile,demographic,one_per_patient,roc,0.8938249875717503,0.8936797893622972,0.8939701857812035,0.00020297310089222555,0.0010045413173277076,1.2336046203032414,39503,11454
chexpert,cxr-foundation,logistic_regression,age_decile,demographic,patient_balanced,accuracy,0.6773792680645275,0.6765532212789135,0.6782053148501416,0.0011547337821150518,,1.6763618620181497,39503,11454
chexpert,cxr-foundation,logistic_regression,age_decile,demographic,patient_balanced,precision,0.702976695161121,0.7020146131441781,0.703938777178064,0.0013448979228260205,,1.9436678152396802,39503,11454
chexpert,cxr-foundation,logistic_regression,age_decile,demographic,patient_balanced,recall,0.6729187263096807,0.6719795463679354,0.673857906251426,0.0013128830292730115,,2.470973521642117,39503,11454
chexpert,cxr-foundation,logistic_regression,age_decile,demographic,patient_balanced,f1,0.6852641504277988,0.6843484128502185,0.686179888005379,0.001280112863822848,,2.26640230333659,39503,11454
chexpert,cxr-foundation,logistic_regression,age_decile,demographic,patient_balanced,roc,0.8938058775672342,0.8936597665831756,0.8939519885512928,0.00020424907180669253,,1.231693619851626,39503,11454
chexpert,cxr-foundation,random_forest,age_decile,demographic,per_radiograph,accuracy,0.5046072450193655,0.5039087916735103,0.5053056983652207,0.0009763704522991729,,0.0,39503,11454
chexpert,cxr-foundation,random_forest,age_decile,demographic,per_radiograph,precision,0.663335371103992,0.661736052885996,0.664934689321988,0.0022356927075251978,,0.0,39503,11454
chexpert,cxr-foundation,random_forest,age_decile,demographic,per_radiograph,recall,0.38607601533934677,0.38529218508278906,0.3868598455959045,0.0010957191438233818,,0.0,39503,11454
chexpert,cxr-foundation,random_forest,age_decile,demographic,per_radiograph,f1,0.3829448800531642,0.3817336187020953,0.38415614140423304,0.001693226613078358,,0.0,39503,11454
chexpert,cxr-foundation,random_forest,age_decile,demographic,per_radiograph,roc,0.7960779030576797,0.7957187636704005,0.7964370424449588,0.0005020422453082673,,0.0,39503,11454
chexpert,cxr-foundation,random_forest,age_decile,demographic,one_per_patient,accuracy,0.5280393748908678,0.5270495362545846,0.529029213527151,0.0013836990011519984,0.0019162674405444654,2.343212987150234,39503,11454
chexpert,cxr-foundation,random_forest,age_decile,demographic,one_per_patient,precision,0.6722200777660294,0.6704966875663945,0.6739434679656644,0.0024091333783294454,0.0033220881392295896,0.8884706662037445,39503,11454
chexpert,cxr-foundation,random_forest,age_decile,demographic,one_per_patient,recall,0.43571669857273615,0.43461921264099884,0.43681418450447346,0.0015341795438754073,0.001965558063329597,4.964068323338938,39503,11454
chexpert,cxr-foundation,random_forest,age_decile,demographic,one_per_patient,f1,0.4441401903271183,0.44262288862971916,0.4456574920245175,0.0021210415174546487,0.0025489166921688297,6.119531027395414,39503,11454
chexpert,cxr-foundation,random_forest,age_decile,demographic,one_per_patient,roc,0.8152060799143042,0.8149342148679382,0.8154779449606702,0.00038004112924632476,0.0009778422919818962,1.912817685662449,39503,11454
chexpert,cxr-foundation,random_forest,age_decile,demographic,patient_balanced,accuracy,0.528000365259331,0.5269900352018281,0.529010695316834,0.0014123440328112611,,2.3393120239965537,39503,11454
chexpert,cxr-foundation,random_forest,age_decile,demographic,patient_balanced,precision,0.6723332289720096,0.6705970548487984,0.6740694030952209,0.0024270040712230973,,0.8997857868017656,39503,11454
chexpert,cxr-foundation,random_forest,age_decile,demographic,patient_balanced,recall,0.43570429780265957,0.43459439229773095,0.4368142033075882,0.0015515409100513244,,4.96282824633128,39503,11454
chexpert,cxr-foundation,random_forest,age_decile,demographic,patient_balanced,f1,0.4440991989173968,0.4425725366696982,0.4456258611650954,0.0021341266644925245,,6.115431886423261,39503,11454
chexpert,cxr-foundation,random_forest,age_decile,demographic,patient_balanced,roc,0.8151688743453736,0.8148977205229785,0.8154400281677686,0.00037904690669112053,,1.909097128769388,39503,11454
chexpert,cxr-foundation,xgboost,age_decile,demographic,per_radiograph,accuracy,0.6098422904589524,0.6087898863958332,0.6108946945220717,0.0014711594370718547,,0.0,39503,11454
chexpert,cxr-foundation,xgboost,age_decile,demographic,per_radiograph,precision,0.6410869820293503,0.6397181959595996,0.6424557680991011,0.0019134309856974417,,0.0,39503,11454
chexpert,cxr-foundation,xgboost,age_decile,demographic,per_radiograph,recall,0.5811259409001277,0.5800775098497775,0.5821743719504779,0.0014656055481867603,,0.0,39503,11454
chexpert,cxr-foundation,xgboost,age_decile,demographic,per_radiograph,f1,0.6031032266008374,0.602003996689037,0.6042024565126377,0.0015366174598980262,,0.0,39503,11454
chexpert,cxr-foundation,xgboost,age_decile,demographic,per_radiograph,roc,0.8499932466407687,0.8496165038866555,0.8503699893948818,0.0005266500553211773,,0.0,39503,11454
chexpert,cxr-foundation,xgboost,age_decile,demographic,one_per_patient,accuracy,0.6262893748908678,0.6248155734256317,0.6277631763561039,0.0020602323859583234,0.002026592258169955,1.6447084431915338,39503,11454
chexpert,cxr-foundation,xgboost,age_decile,demographic,one_per_patient,precision,0.6582382839584985,0.656766320770212,0.659710247146785,0.002057662651977569,0.0022539299342276818,1.7151301929148155,39503,11454
chexpert,cxr-foundation,xgboost,age_decile,demographic,one_per_patient,recall,0.6101224087573329,0.6085490137665953,0.6116958037480705,0.002199454534605832,0.002137552422117953,2.899646785720522,39503,11454
chexpert,cxr-foundation,xgboost,age_decile,demographic,one_per_patient,f1,0.6282822367439586,0.6267733011403008,0.6297911723476163,0.0021093465248273706,0.0021269736352837526,2.5179010143121183,39503,11454
chexpert,cxr-foundation,xgboost,age_decile,demographic,one_per_patient,roc,0.8648737547438994,0.86449745881391,0.8652500506738887,0.0005260254382662593,0.0010341395949944562,1.4880508103130685,39503,11454
chexpert,cxr-foundation,xgboost,age_decile,demographic,patient_balanced,accuracy,0.6261758333500035,0.6246956620941618,0.6276560046058451,0.002069136739228968,,1.6333542891051045,39503,11454
chexpert,cxr-foundation,xgboost,age_decile,demographic,patient_balanced,precision,0.6582038743172888,0.6567499581615506,0.659657790473027,0.0020324346400618534,,1.7116892287938446,39503,11454
chexpert,cxr-foundation,xgboost,age_decile,demographic,patient_balanced,recall,0.6099077297926995,0.6083180726216498,0.6114973869637491,0.0022221874951404564,,2.878178889257177,39503,11454
chexpert,cxr-foundation,xgboost,age_decile,demographic,patient_balanced,f1,0.6281271326210083,0.6266105927878254,0.6296436724541912,0.00211997650471782,,2.5023906020170905,39503,11454
chexpert,cxr-foundation,xgboost,age_decile,demographic,patient_balanced,roc,0.8647942569748526,0.8644194701114555,0.8651690438382497,0.0005239159086320356,,1.4801010334083875,39503,11454
chexpert,cxr-foundation,mlp,age_decile,demographic,per_radiograph,accuracy,0.6705136318760602,0.6683358700667507,0.6726913936853697,0.003044301090936866,,0.0,39503,11454
chexpert,cxr-foundation,mlp,age_decile,demographic,per_radiograph,precision,0.6980305506394766,0.6931978143089123,0.702863286970041,0.006755699553759773,,0.0,39503,11454
chexpert,cxr-foundation,mlp,age_decile,demographic,per_radiograph,recall,0.6542258665806122,0.6492849225661277,0.6591668105950967,0.006906963465541921,,0.0,39503,11454
chexpert,cxr-foundation,mlp,age_decile,demographic,per_radiograph,f1,0.6715368673477249,0.6691161759558082,0.6739575587396416,0.003383893230991118,,0.0,39503,11454
chexpert,cxr-foundation,mlp,age_decile,demographic,per_radiograph,roc,0.887531240568013,0.8863442029673153,0.8887182781687107,0.0016593641450314606,,0.0,39503,11454
chexpert,cxr-foundation,mlp,age_decile,demographic,one_per_patient,accuracy,0.6852827833071415,0.6824369930388536,0.6881285735754294,0.003978140484093322,0.0019899719930530834,1.4769151431081373,39503,11454
chexpert,cxr-foundation,mlp,age_decile,demographic,one_per_patient,precision,0.7130145377295822,0.7089822891064503,0.7170467863527141,0.005636694899255864,0.00209788437009427,1.4983987090105622,39503,11454
chexpert,cxr-foundation,mlp,age_decile,demographic,one_per_patient,recall,0.6788880868934538,0.6729403743827248,0.6848357994041828,0.008314328779019223,0.0020118171612143894,2.46622203128416,39503,11454
chexpert,cxr-foundation,mlp,age_decile,demographic,one_per_patient,f1,0.6926134054090856,0.6891582979596198,0.6960685128585513,0.004829907170172805,0.0019883002704051784,2.1076538061360672,39503,11454
chexpert,cxr-foundation,mlp,age_decile,demographic,one_per_patient,roc,0.898714849939557,0.8974516788327457,0.8999780210463683,0.001765791447929246,0.0008846124176094377,1.1183609371543946,39503,11454
chexpert,cxr-foundation,mlp,age_decile,demographic,patient_balanced,accuracy,0.6852418479077353,0.6824417727391325,0.6880419230763382,0.003914235181296269,,1.4728216031675179,39503,11454
chexpert,cxr-foundation,mlp,age_decile,demographic,patient_balanced,precision,0.7130417235089636,0.7089899931992473,0.7170934538186798,0.005663928419225107,,1.5011172869486944,39503,11454
chexpert,cxr-foundation,mlp,age_decile,demographic,patient_balanced,recall,0.6787899851178182,0.6728964022387411,0.6846835679968952,0.00823866077162488,,2.456411853720597,39503,11454
chexpert,cxr-foundation,mlp,age_decile,demographic,patient_balanced,f1,0.6925622825496898,0.689161677586481,0.6959628875128986,0.004753717947980867,,2.102541520196488,39503,11454
chexpert,cxr-foundation,mlp,age_decile,demographic,patient_balanced,roc,0.8987359118093238,0.8974771532627526,0.899994670355895,0.0017596231140483965,,1.1204671241310749,39503,11454
chexpert,cxr-foundation,logistic_regression,race-bin,demographic,per_radiograph,accuracy,0.6807381717844214,0.680165720907965,0.6813106226608778,0.0008002311456901531,,0.0,39503,11454
chexpert,cxr-foundation,logistic_regression,race-bin,demographic,per_radiograph,precision,0.677667558466252,0.677028616624556,0.678306500307948,0.0008931791059083156,,0.0,39503,11454
chexpert,cxr-foundation,logistic_regression,race-bin,demographic,per_radiograph,recall,0.6735391878466807,0.6730914794248184,0.6739868962685429,0.0006258532183228075,,0.0,39503,11454
chexpert,cxr-foundation,logistic_regression,race-bin,demographic,per_radiograph,f1,0.6744051446306443,0.6739446666551694,0.6748656226061192,0.0006437038233924003,,0.0,39503,11454
chexpert,cxr-foundation,logistic_regression,race-bin,demographic,per_radiograph,roc,0.7335352037771815,0.7330492463872059,0.7340211611671571,0.0006793215888566889,,0.0,39503,11454
chexpert,cxr-foundation,logistic_regression,race-bin,demographic,one_per_patient,accuracy,0.6888646324428147,0.6883332161452381,0.6893960487403913,0.0007428687598149653,0.0020896847495529692,0.8126460658393286,39503,11454
chexpert,cxr-foundation,logistic_regression,race-bin,demographic,one_per_patient,precision,0.686628835646997,0.686069658402508,0.6871880128914859,0.0007816758876695467,0.002138331348439018,0.8961277180744909,39503,11454
chexpert,cxr-foundation,logistic_regression,race-bin,demographic,one_per_patient,recall,0.6836209759631406,0.6831218533840789,0.6841200985422023,0.0006977252541821678,0.002123020116158595,1.0081788116459989,39503,11454
chexpert,cxr-foundation,logistic_regression,race-bin,demographic,one_per_patient,f1,0.684334950327018,0.6838287070419098,0.6848411936121261,0.0007076793148571882,0.002135067113452856,0.9929805696373695,39503,11454
chexpert,cxr-foundation,logistic_regression,race-bin,demographic,one_per_patient,roc,0.7420594104554766,0.7417679064820758,0.7423509144288775,0.0004074944562086335,0.0020666334798763054,0.8524206678295121,39503,11454
chexpert,cxr-foundation,logistic_regression,race-bin,demographic,patient_balanced,accuracy,0.6887770688583408,0.6882348468748534,0.6893192908418282,0.0007579740671382826,,0.803889707391936,39503,11454
chexpert,cxr-foundation,logistic_regression,race-bin,demographic,patient_balanced,precision,0.686539116801462,0.685968964822103,0.6871092687808209,0.000797017509142843,,0.8871558335209917,39503,11454
chexpert,cxr-foundation,logistic_regression,race-bin,demographic,patient_balanced,recall,0.6835209395151445,0.6830098185232403,0.6840320605070487,0.0007144978787867916,,0.9981751668463823,39503,11454
chexpert,cxr-foundation,logistic_regression,race-bin,demographic,patient_balanced,f1,0.6842375091388683,0.6837193734466962,0.6847556448310403,0.0007243037536014722,,0.9832364508224001,39503,11454
chexpert,cxr-foundation,logistic_regression,race-bin,demographic,patient_balanced,roc,0.7420796642415778,0.7417901684798571,0.7423691600032984,0.0004046871698549641,,0.8544460464396275,39503,11454
chexpert,cxr-foundation,random_forest,race-bin,demographic,per_radiograph,accuracy,0.6089360301749235,0.607618709006456,0.610253351343391,0.001841488014500301,,0.0,39503,11454
chexpert,cxr-foundation,random_forest,race-bin,demographic,per_radiograph,precision,0.6207005809788588,0.6191930960348963,0.6222080659228214,0.00210731864240534,,0.0,39503,11454
chexpert,cxr-foundation,random_forest,race-bin,demographic,per_radiograph,recall,0.5814241171046579,0.5798144294470503,0.5830338047622655,0.0022501881845728815,,0.0,39503,11454
chexpert,cxr-foundation,random_forest,race-bin,demographic,per_radiograph,f1,0.5587568354370223,0.5562224558946647,0.5612912149793798,0.0035428183066968867,,0.0,39503,11454
chexpert,cxr-foundation,random_forest,race-bin,demographic,per_radiograph,roc,0.6565664920640645,0.6555185681916935,0.6576144159364354,0.0014648965622595786,,0.0,39503,11454
chexpert,cxr-foundation,random_forest,race-bin,demographic,one_per_patient,accuracy,0.6181268552470752,0.6172493730624066,0.6190043374317439,0.0012266355120404324,0.0018208073868706616,0.9190825072151743,39503,11454
chexpert,cxr-foundation,random_forest,race-bin,demographic,one_per_patient,precision,0.6313395714971842,0.6305262863505314,0.632152856643837,0.0011368942409651188,0.002431975087669394,1.0638990518325397,39503,11454
chexpert,cxr-foundation,random_forest,race-bin,demographic,one_per_patient,recall,0.5962997854240207,0.5951874111755221,0.5974121596725194,0.0015549919755953733,0.0018776818041285497,1.4875668319362823,39503,11454
chexpert,cxr-foundation,random_forest,race-bin,demographic,one_per_patient,f1,0.5792034763027565,0.5774428253060351,0.5809641272994779,0.0024612203810192653,0.002180380320833738,2.0446640865734222,39503,11454
chexpert,cxr-foundation,random_forest,race-bin,demographic,one_per_patient,roc,0.6677562534282024,0.6670504335510334,0.6684620733053714,0.0009866681530023413,0.002128374764154771,1.1189761364137962,39503,11454
chexpert,cxr-foundation,random_forest,race-bin,demographic,patient_balanced,accuracy,0.6181897146486475,0.6173250790045336,0.6190543502927613,0.001208677286646641,,0.9253684473723989,39503,11454
chexpert,cxr-foundation,random_forest,race-bin,demographic,patient_balanced,precision,0.6314551065020048,0.63064985121819,0.6322603617858196,0.0011256692667308726,,1.075452552314593,39503,11454
chexpert,cxr-foundation,random_forest,race-bin,demographic,patient_balanced,recall,0.5963526445473013,0.595255074320333,0.5974502147742696,0.001534297380483038,,1.4928527442643391,39503,11454
chexpert,cxr-foundation,random_forest,race-bin,demographic,patient_balanced,f1,0.5792421859946052,0.5775013873973134,0.580982984591897,0.0024334686402261237,,2.0485350557582938,39503,11454
chexpert,cxr-foundation,random_forest,race-bin,demographic,patient_balanced,roc,0.6678201769515911,0.6671103548054351,0.6685299990977471,0.0009922629392601335,,1.125368488752665,39503,11454
chexpert,cxr-foundation,xgboost,race-bin,demographic,per_radiograph,accuracy,0.6401564438143937,0.6381474055731914,0.6421654820555961,0.0028084418062990202,,0.0,39503,11454
chexpert,cxr-foundation,xgboost,race-bin,demographic,per_radiograph,precision,0.6357241557328839,0.6336458091272209,0.6378025023385469,0.002905328219053768,,0.0,39503,11454
chexpert,cxr-foundation,xgboost,race-bin,demographic,per_radiograph,recall,0.6321428053032054,0.630004655243169,0.6342809553632419,0.0029889276837027565,,0.0,39503,11454
chexpert,cxr-foundation,xgboost,race-bin,demographic,per_radiograph,f1,0.6325663122900117,0.6303917245670645,0.6347409000129589,0.0030398640241583565,,0.0,39503,11454
chexpert,cxr-foundation,xgboost,race-bin,demographic,per_radiograph,roc,0.6839605175029515,0.6821901829102995,0.6857308520956035,0.002474757114710557,,0.0,39503,11454
chexpert,cxr-foundation,xgboost,race-bin,demographic,one_per_patient,accuracy,0.6460122664571328,0.6435831949280949,0.6484413379861708,0.0033956078549097317,0.001526146587013683,0.5855822642739095,39503,11454
chexpert,cxr-foundation,xgboost,race-bin,demographic,one_per_patient,precision,0.6427790564750839,0.6402847821402664,0.6452733308099015,0.00348675509237096,0.0015697609075196416,0.7054900742200054,39503,11454
chexpert,cxr-foundation,xgboost,race-bin,demographic,one_per_patient,recall,0.639913349327925,0.6374046977497643,0.6424220009060857,0.0035068530927156397,0.0015392737190024436,0.777054402471955,39503,11454
chexpert,cxr-foundation,xgboost,race-bin,demographic,one_per_patient,f1,0.6403055594041362,0.6377689474811679,0.6428421713271046,0.0035459389596075096,0.0015527045006651443,0.7739247114124548,39503,11454
chexpert,cxr-foundation,xgboost,race-bin,demographic,one_per_patient,roc,0.6912272266988524,0.6895713444195057,0.692883108978199,0.0023147638129793397,0.0018783971180779358,0.7266709195900889,39503,11454
chexpert,cxr-foundation,xgboost,race-bin,demographic,patient_balanced,accuracy,0.6459742592338479,0.6435231751860219,0.6484253432816739,0.0034263792343481197,,0.5817815419454142,39503,11454
chexpert,cxr-foundation,xgboost,race-bin,demographic,patient_balanced,precision,0.6427366301478803,0.6402188659323084,0.6452543943634522,0.0035195916814326623,,0.7012474414996417,39503,11454
chexpert,cxr-foundation,xgboost,race-bin,demographic,patient_balanced,recall,0.63987113122953,0.6373474822116723,0.6423947802473877,0.0035278180677812544,,0.7728325926324553,39503,11454
chexpert,cxr-foundation,xgboost,race-bin,demographic,patient_balanced,f1,0.6402653743975161,0.6377141370035906,0.6428166117914416,0.003566383958229463,,0.7699062107504373,39503,11454
chexpert,cxr-foundation,xgboost,race-bin,demographic,patient_balanced,roc,0.6912093438295501,0.6895322924011531,0.6928863952579472,0.002344356242818418,,0.7248826326598623,39503,11454
chexpert,cxr-foundation,mlp,race-bin,demographic,per_radiograph,accuracy,0.6861377616889858,0.683985967920679,0.6882895554572925,0.0030080002727224226,,0.0,39503,11454
chexpert,cxr-foundation,mlp,race-bin,demographic,per_radiograph,precision,0.6851605447300726,0.6829353526132469,0.6873857368468983,0.003110604088949617,,0.0,39503,11454
chexpert,cxr-foundation,mlp,race-bin,demographic,per_radiograph,recall,0.676449733646317,0.6731135220691714,0.6797859452234626,0.004663702201261644,,0.0,39503,11454
chexpert,cxr-foundation,mlp,race-bin,demographic,per_radiograph,f1,0.6771178009807682,0.6735341942037721,0.6807014077577643,0.005009536843773075,,0.0,39503,11454
chexpert,cxr-foundation,mlp,race-bin,demographic,per_radiograph,roc,0.7428818818888308,0.7405494844242229,0.7452142793534386,0.0032604668314279816,,0.0,39503,11454
chexpert,cxr-foundation,mlp,race-bin,demographic,one_per_patient,accuracy,0.6921309149642046,0.6898808521514298,0.6943809777769795,0.0031453709245543044,0.0016943360386452704,0.5993153275218877,39503,11454
chexpert,cxr-foundation,mlp,race-bin,demographic,one_per_patient,precision,0.6920759614901708,0.6901742308422592,0.6939776921380825,0.002658436134455499,0.0017777730562343128,0.6915416760098214,39503,11454
chexpert,cxr-foundation,mlp,race-bin,demographic,one_per_patient,recall,0.6844119365767813,0.6808980916769705,0.6879257814765922,0.004912016463944195,0.0017188097201623,0.7962202930464346,39503,11454
chexpert,cxr-foundation,mlp,race-bin,demographic,one_per_patient,f1,0.6849381392616622,0.6811451776500188,0.6887311008733057,0.005302194722511443,0.001748124931758917,0.7820338280894013,39503,11454
chexpert,cxr-foundation,mlp,race-bin,demographic,one_per_patient,roc,0.750838557102793,0.7483685182822268,0.7533085959233592,0.003452876179553378,0.001893363152497752,0.7956675213962261,39503,11454
chexpert,cxr-foundation,mlp,race-bin,demographic,patient_balanced,accuracy,0.6921535577943522,0.6899187123768734,0.6943884032118309,0.0031240984727631377,,0.60157961053664,39503,11454
chexpert,cxr-foundation,mlp,race-bin,demographic,patient_balanced,precision,0.6921004014765715,0.6901982488609286,0.6940025540922143,0.0026590260046694624,,0.6939856746498885,39503,11454
chexpert,cxr-foundation,mlp,race-bin,demographic,patient_balanced,recall,0.684429493364871,0.6809375141683698,0.6879214725613723,0.004881450318392695,,0.7979759718554025,39503,11454
chexpert,cxr-foundation,mlp,race-bin,demographic,patient_balanced,f1,0.6849579132171913,0.6811878494585206,0.6887279769758621,0.0052701857312218,,0.7840112236423114,39503,11454
chexpert,cxr-foundation,mlp,race-bin,demographic,patient_balanced,roc,0.7508894642113662,0.7484021557793142,0.7533767726434181,0.003477017431760732,,0.80075823225354,39503,11454
chexpert,cxr-foundation,logistic_regression,race-cls,demographic,per_radiograph,accuracy,0.6083335442877755,0.6078291602164516,0.6088379283590994,0.000705080313199863,,0.0,39503,11454
chexpert,cxr-foundation,logistic_regression,race-cls,demographic,per_radiograph,precision,0.49639293715268823,0.49451845001033057,0.4982674242950459,0.0026203523397426995,,0.0,39503,11454
chexpert,cxr-foundation,logistic_regression,race-cls,demographic,per_radiograph,recall,0.4044614031631144,0.4034827316333841,0.4054400746928447,0.0013680884626089884,,0.0,39503,11454
chexpert,cxr-foundation,logistic_regression,race-cls,demographic,per_radiograph,f1,0.4229755662144562,0.4218780700065017,0.4240730624224107,0.00153419390903654,,0.0,39503,11454
chexpert,cxr-foundation,logistic_regression,race-cls,demographic,per_radiograph,roc,0.7460612343155101,0.7456366040608619,0.7464858645701583,0.0005935921651047021,,0.0,39503,11454
chexpert,cxr-foundation,logistic_regression,race-cls,demographic,one_per_patient,accuracy,0.6090861271171644,0.6084100193273015,0.6097622349070272,0.0009451335189512948,0.0019289737945039482,0.0752582829388837,39503,11454
chexpert,cxr-foundation,logistic_regression,race-cls,demographic,one_per_patient,precision,0.5050086260492823,0.5033953312631928,0.5066219208353718,0.0022552306024928325,0.004679132564005845,0.8615688896594087,39503,11454
chexpert,cxr-foundation,logistic_regression,race-cls,demographic,one_per_patient,recall,0.42161929029965767,0.42056054540109694,0.4226780351982184,0.0014800233138141886,0.0032964739043203363,1.715788713654326,39503,11454
chexpert,cxr-foundation,logistic_regression,race-cls,demographic,one_per_patient,f1,0.44006822211786023,0.4389513061266235,0.441185138109097,0.0015613408941563796,0.003764537489491876,1.709265590340403,39503,11454
chexpert,cxr-foundation,logistic_regression,race-cls,demographic,one_per_patient,roc,0.755876778413562,0.7554838681488308,0.7562696886782933,0.0005492506767490465,0.0018772287234316478,0.9815544098051965,39503,11454
chexpert,cxr-foundation,logistic_regression,race-cls,demographic,patient_balanced,accuracy,0.6091975277377751,0.6085258303211146,0.6098692251544356,0.0009389682423383291,,0.08639834499996057,39503,11454
chexpert,cxr-foundation,logistic_regression,race-cls,demographic,patient_balanced,precision,0.5050528453116614,0.5034352149323609,0.5066704756909619,0.0022612913438860103,,0.8659908158973162,39503,11454
chexpert,cxr-foundation,logistic_regression,race-cls,demographic,patient_balanced,recall,0.4215624160282615,0.42049849331622147,0.42262633874030153,0.001487261397959238,,1.7101012865147092,39503,11454
chexpert,cxr-foundation,logistic_regression,race-cls,demographic,patient_balanced,f1,0.44003474364661327,0.4389175122703328,0.4411519750228937,0.0015617817720468645,,1.7059177432157069,39503,11454
chexpert,cxr-foundation,logistic_regression,race-cls,demographic,patient_balanced,roc,0.7559049748165558,0.7555021317038091,0.7563078179293026,0.0005631358408292352,,0.984374050104575,39503,11454
chexpert,cxr-foundation,random_forest,race-cls,demographic,per_radiograph,accuracy,0.5494924436118775,0.5493498026872142,0.5496350845365409,0.00019939826325753192,,0.0,39503,11454
chexpert,cxr-foundation,random_forest,race-cls,demographic,per_radiograph,precision,0.27010903865786795,0.2546104245303302,0.2856076527854057,0.021665568610293572,,0.0,39503,11454
chexpert,cxr-foundation,random_forest,race-cls,demographic,per_radiograph,recall,0.25039326293384195,0.2502563072681327,0.2505302185995512,0.00019145081925229902,,0.0,39503,11454
chexpert,cxr-foundation,random_forest,race-cls,demographic,per_radiograph,f1,0.17820779332668635,0.1778917812398824,0.1785238054134903,0.0004417544363639781,,0.0,39503,11454
chexpert,cxr-foundation,random_forest,race-cls,demographic,per_radiograph,roc,0.6598132058526722,0.6587796326235876,0.6608467790817568,0.0014448357462301389,,0.0,39503,11454
chexpert,cxr-foundation,random_forest,race-cls,demographic,one_per_patient,accuracy,0.5435369303300158,0.5433650627860633,0.5437087978739683,0.00024025425981606083,0.00010876755506861427,-0.5955513281861724,39503,11454
chexpert,cxr-foundation,random_forest,race-cls,demographic,one_per_patient,precision,0.26502024511613315,0.24185658851445196,0.28818390171781433,0.032380559141563285,0.01674160292729123,-0.5088793541734804,39503,11454
chexpert,cxr-foundation,random_forest,race-cls,demographic,one_per_patient,recall,0.2503781422881106,0.25022998828344517,0.25052629629277606,0.0002071050176844771,9.251434181992828e-05,-0.0015120645731336868,39503,11454
chexpert,cxr-foundation,random_forest,race-cls,demographic,one_per_patient,f1,0.17698161979717714,0.17666523613079876,0.1772980034635555,0.000442273868791786,0.0001900241994741519,-0.12261735295092113,39503,11454
chexpert,cxr-foundation,random_forest,race-cls,demographic,one_per_patient,roc,0.6677649904620754,0.6669604311105769,0.6685695498135739,0.0011246964204349064,0.0018555077969272641,0.7951784609403156,39503,11454
chexpert,cxr-foundation,random_forest,race-cls,demographic,patient_balanced,accuracy,0.5435334679385482,0.5433631540191552,0.5437037818579411,0.0002380824424384169,,-0.595897567332937,39503,11454
chexpert,cxr-foundation,random_forest,race-cls,demographic,patient_balanced,precision,0.2648047006774899,0.24208993771904172,0.2875194636359381,0.03175304909800987,,-0.5304337980378049,39503,11454
chexpert,cxr-foundation,random_forest,race-cls,demographic,patient_balanced,recall,0.2503751427312023,0.25022876653788534,0.2505215189245193,0.00020461980878589436,,-0.001812020263963765,39503,11454
chexpert,cxr-foundation,random_forest,race-cls,demographic,patient_balanced,f1,0.17697629782203642,0.1766639664418025,0.17728862920227034,0.00043660916336917563,,-0.12314955046499321,39503,11454
chexpert,cxr-foundation,random_forest,race-cls,demographic,patient_balanced,roc,0.6676223249606437,0.6668236866218756,0.6684209632994117,0.0011164194153750928,,0.7809119107971441,39503,11454
chexpert,cxr-foundation,xgboost,race-cls,demographic,per_radiograph,accuracy,0.5814368528972483,0.5804179407985629,0.5824557649959338,0.0014243408991455977,,0.0,39503,11454
chexpert,cxr-foundation,xgboost,race-cls,demographic,per_radiograph,precision,0.4546100462556467,0.45101840935817056,0.4582016831531229,0.005020762178166075,,0.0,39503,11454
chexpert,cxr-foundation,xgboost,race-cls,demographic,per_radiograph,recall,0.33428741600707984,0.33305099755369666,0.335523834460463,0.0017283938171743245,,0.0,39503,11454
chexpert,cxr-foundation,xgboost,race-cls,demographic,per_radiograph,f1,0.3370137273347372,0.3352461603136998,0.33878129435577464,0.0024708883163647383,,0.0,39503,11454
chexpert,cxr-foundation,xgboost,race-cls,demographic,per_radiograph,roc,0.7060997066814416,0.7053436242455919,0.7068557891172913,0.001056930365137285,,0.0,39503,11454
chexpert,cxr-foundation,xgboost,race-cls,demographic,one_per_patient,accuracy,0.579080976078226,0.5775601798777765,0.5806017722786754,0.002125926495877297,0.001290882092059074,-0.23558768190223844,39503,11454
chexpert,cxr-foundation,xgboost,race-cls,demographic,one_per_patient,precision,0.45537717412853623,0.45039936106557127,0.4603549871915012,0.006958502841441926,0.004471740495338507,0.0767127872889517,39503,11454
chexpert,cxr-foundation,xgboost,race-cls,demographic,one_per_patient,recall,0.34289029450267433,0.3413648233726809,0.34441576563266774,0.0021324615967547467,0.0014370051477915998,0.860287849559449,39503,11454
chexpert,cxr-foundation,xgboost,race-cls,demographic,one_per_patient,f1,0.34868041343559103,0.34651780928487386,0.3508430175863082,0.0030231121452993946,0.0020430394772223558,1.1666686100853807,39503,11454
chexpert,cxr-foundation,xgboost,race-cls,demographic,one_per_patient,roc,0.7132583129413035,0.7124301688994267,0.7140864569831803,0.0011576655442119366,0.0014964347692949355,0.7158606259861866,39503,11454
chexpert,cxr-foundation,xgboost,race-cls,demographic,patient_balanced,accuracy,0.5790222552363969,0.5775211752641393,0.5805233352086546,0.002098365109348823,,-0.2414597660851392,39503,11454
chexpert,cxr-foundation,xgboost,race-cls,demographic,patient_balanced,precision,0.454943736012833,0.44993395585605944,0.45995351616960656,0.0070031897572192196,,0.0333689757186284,39503,11454
chexpert,cxr-foundation,xgboost,race-cls,demographic,patient_balanced,recall,0.3427178522581492,0.34120124866971696,0.34423445584658147,0.0021200656284108906,,0.8430436251069373,39503,11454
chexpert,cxr-foundation,xgboost,race-cls,demographic,patient_balanced,f1,0.3484337059979021,0.34627510837625897,0.3505923036195452,0.003017511403850647,,1.1419978663164854,39503,11454
chexpert,cxr-foundation,xgboost,race-cls,demographic,patient_balanced,roc,0.7132181584028654,0.7123957627870229,0.7140405540187079,0.0011496297987175059,,0.711845172142378,39503,11454
chexpert,cxr-foundation,mlp,race-cls,demographic,per_radiograph,accuracy,0.6115813988810976,0.6090135606869282,0.614149237075267,0.0035895902767886785,,0.0,39503,11454
chexpert,cxr-foundation,mlp,race-cls,demographic,per_radiograph,precision,0.5051303180433435,0.5000863459945111,0.510174290092176,0.007050986726497901,,0.0,39503,11454
chexpert,cxr-foundation,mlp,race-cls,demographic,per_radiograph,recall,0.3949403785888855,0.3856631449442055,0.40421761223356545,0.012968678385599003,,0.0,39503,11454
chexpert,cxr-foundation,mlp,race-cls,demographic,per_radiograph,f1,0.41167343527472305,0.400860417763949,0.4224864527854971,0.015115556193358868,,0.0,39503,11454
chexpert,cxr-foundation,mlp,race-cls,demographic,per_radiograph,roc,0.7456718559712052,0.7410202978492704,0.7503234140931401,0.006502429882197333,,0.0,39503,11454
chexpert,cxr-foundation,mlp,race-cls,demographic,one_per_patient,accuracy,0.611165488039113,0.6079505536693582,0.6143804224088677,0.004494168355463071,0.0015085933321334361,-0.0415910841984668,39503,11454
chexpert,cxr-foundation,mlp,race-cls,demographic,one_per_patient,precision,0.5117942789501692,0.5052285430993104,0.5183600148010279,0.009178265836110798,0.003767221346189707,0.6663960906825639,39503,11454
chexpert,cxr-foundation,mlp,race-cls,demographic,one_per_patient,recall,0.41024728153356654,0.3994959792461748,0.4209985838209583,0.015029284259914562,0.0024242717599187447,1.5306902944681067,39503,11454
chexpert,cxr-foundation,mlp,race-cls,demographic,one_per_patient,f1,0.427434458022833,0.41557901131055486,0.4392899047351111,0.016572771735387886,0.0028253584389282232,1.576102274810992,39503,11454
chexpert,cxr-foundation,mlp,race-cls,demographic,one_per_patient,roc,0.7542560595051014,0.7495047401837506,0.7590073788264523,0.006641886422814933,0.001687119733593537,0.8584203533896217,39503,11454
chexpert,cxr-foundation,mlp,race-cls,demographic,patient_balanced,accuracy,0.6112206766656046,0.6079737147560602,0.6144676385751491,0.004538939768895313,,-0.03607222154929923,39503,11454
chexpert,cxr-foundation,mlp,race-cls,demographic,patient_balanced,precision,0.5117579987822698,0.5050902468742667,0.5184257506902729,0.009320874450482634,,0.6627680738926278,39503,11454
chexpert,cxr-foundation,mlp,race-cls,demographic,patient_balanced,recall,0.41016934403632244,0.39940730715865647,0.4209313809139884,0.015044290182390988,,1.522896544743696,39503,11454
chexpert,cxr-foundation,mlp,race-cls,demographic,patient_balanced,f1,0.4273829935731378,0.41548895560964316,0.43927703153663245,0.016626718584706726,,1.570955829841475,39503,11454
chexpert,cxr-foundation,mlp,race-cls,demographic,patient_balanced,roc,0.754229581562234,0.7494515510048841,0.7590076121195838,0.006679226155996149,,0.8557725591028742,39503,11454
chexpert,cxr-foundation,logistic_regression,disease,disease,per_radiograph,accuracy,0.9199174746221805,0.9196543234083401,0.920180625836021,0.00036786003131808107,,0.0,39503,11454
chexpert,cxr-foundation,logistic_regression,disease,disease,per_radiograph,precision,0.8577737408137077,0.8571719657273268,0.8583755159000886,0.0008412235645499731,,0.0,39503,11454
chexpert,cxr-foundation,logistic_regression,disease,disease,per_radiograph,recall,0.8276117934395877,0.8269928124998873,0.828230774379288,0.0008652756889866309,,0.0,39503,11454
chexpert,cxr-foundation,logistic_regression,disease,disease,per_radiograph,f1,0.8416117907169316,0.8410839181385439,0.8421396632953193,0.0007379149819745598,,0.0,39503,11454
chexpert,cxr-foundation,logistic_regression,disease,disease,per_radiograph,roc,0.9535624778746822,0.9534909189268649,0.9536340368224995,0.00010003251134953312,,0.0,39503,11454
chexpert,cxr-foundation,logistic_regression,disease,disease,one_per_patient,accuracy,0.8928170508119434,0.8923621076608911,0.8932719939629957,0.0006359666723616479,0.0013476909878368671,-2.710042381023714,39503,11454
chexpert,cxr-foundation,logistic_regression,disease,disease,one_per_patient,precision,0.863409718913356,0.8627954194353964,0.8640240183913157,0.0008587314567277231,0.0018679800093371873,0.5635978099648331,39503,11454
chexpert,cxr-foundation,logistic_regression,disease,disease,one_per_patient,recall,0.8405307811206926,0.8397421096950544,0.8413194525463308,0.0011024866315487427,0.0020224125365605437,1.2918987681104888,39503,11454
chexpert,cxr-foundation,logistic_regression,disease,disease,one_per_patient,f1,0.8510169396875279,0.8503409018694527,0.8516929775056031,0.0009450357051368957,0.0018032999279410412,0.94051489705963,39503,11454
chexpert,cxr-foundation,logistic_regression,disease,disease,one_per_patient,roc,0.9446753141671567,0.9445713344086992,0.9447792939256141,0.00014535367952284162,0.0011598498053170929,-0.8887163707525514,39503,11454
chexpert,cxr-foundation,logistic_regression,disease,disease,patient_balanced,accuracy,0.8928454605392785,0.8923825937949885,0.8933083272835685,0.0006470430919380594,,-2.707201408290205,39503,11454
chexpert,cxr-foundation,logistic_regression,disease,disease,patient_balanced,precision,0.8634327314495064,0.8628130011249893,0.8640524617740235,0.0008663232567257485,,0.5658990635798666,39503,11454
chexpert,cxr-foundation,logistic_regression,disease,disease,patient_balanced,recall,0.8406759687818403,0.8398645498302572,0.8414873877334234,0.0011342854801437796,,1.306417534225257,39503,11454
chexpert,cxr-foundation,logistic_regression,disease,disease,patient_balanced,f1,0.8511153731437684,0.8504248882137925,0.8518058580737443,0.0009652313749903526,,0.9503582426836799,39503,11454
chexpert,cxr-foundation,logistic_regression,disease,disease,patient_balanced,roc,0.9446896169848304,0.9445843797527357,0.9447948542169252,0.00014711150645763726,,-0.887286088985173,39503,11454
chexpert,cxr-foundation,random_forest,disease,disease,per_radiograph,accuracy,0.9068956788092043,0.9065557697702157,0.9072355878481929,0.0004751600720468438,,0.0,39503,11454
chexpert,cxr-foundation,random_forest,disease,disease,per_radiograph,precision,0.8719190883136456,0.8709885509210292,0.872849625706262,0.0013008015786619444,,0.0,39503,11454
chexpert,cxr-foundation,random_forest,disease,disease,per_radiograph,recall,0.74521268950427,0.7442749360031008,0.7461504430054392,0.0013108890028447507,,0.0,39503,11454
chexpert,cxr-foundation,random_forest,disease,disease,per_radiograph,f1,0.7890412927525113,0.7881409936573662,0.7899415918476564,0.0012585313535224258,,0.0,39503,11454
chexpert,cxr-foundation,random_forest,disease,disease,per_radiograph,roc,0.9446951246837936,0.9445931014976433,0.9447971478699438,0.00014261858003493575,,0.0,39503,11454
chexpert,cxr-foundation,random_forest,disease,disease,one_per_patient,accuracy,0.8642696001396892,0.8636148659648188,0.8649243343145596,0.0009152552654339897,0.0014848160369724717,-4.262607866951507,39503,11454
chexpert,cxr-foundation,random_forest,disease,disease,one_per_patient,precision,0.8653706434489095,0.8644377167103361,0.8663035701874828,0.0013041416539963213,0.002247966123220997,-0.6548444864736158,39503,11454
chexpert,cxr-foundation,random_forest,disease,disease,one_per_patient,recall,0.7517342717638181,0.7504237051257806,0.7530448384018557,0.0018320458320407482,0.0021002947141174665,0.6521582259548131,39503,11454
chexpert,cxr-foundation,random_forest,disease,disease,one_per_patient,f1,0.7865948362114623,0.7853281685067182,0.7878615039162065,0.0017706793547958323,0.0021815966888777886,-0.24464565410490247,39503,11454
chexpert,cxr-foundation,random_forest,disease,disease,one_per_patient,roc,0.9330945809238621,0.9329695155414479,0.9332196463062763,0.00017482934933215653,0.0013195876402457081,-1.160054375993147,39503,11454
chexpert,cxr-foundation,random_forest,disease,disease,patient_balanced,accuracy,0.8643044872892981,0.8636514174871203,0.8649575570914759,0.0009129286328418112,,-4.25911915199062,39503,11454
chexpert,cxr-foundation,random_forest,disease,disease,patient_balanced,precision,0.865509522215039,0.8645899826466964,0.8664290617833815,0.0012854276804277563,,-0.6409566098606656,39503,11454
chexpert,cxr-foundation,random_forest,disease,disease,patient_balanced,recall,0.7518201583382742,0.7505081073244845,0.7531322093520639,0.001834120846260667,,0.6607468834004204,39503,11454
chexpert,cxr-foundation,random_forest,disease,disease,patient_balanced,f1,0.7866970248010545,0.7854306007278389,0.7879634488742702,0.0017703387814030547,,-0.23442679514568132,39503,11454
chexpert,cxr-foundation,random_forest,disease,disease,patient_balanced,roc,0.9330652426026921,0.9329435318037014,0.9331869534016828,0.0001701399650606422,,-1.1629882081101495,39503,11454
chexpert,cxr-foundation,xgboost,disease,disease,per_radiograph,accuracy,0.9140470344024505,0.9137168312130928,0.9143772375918082,0.0004615922298275543,,0.0,39503,11454
chexpert,cxr-foundation,xgboost,disease,disease,per_radiograph,precision,0.8458723318263063,0.8451622975252385,0.846582366127374,0.0009925595113766928,,0.0,39503,11454
chexpert,cxr-foundation,xgboost,disease,disease,per_radiograph,recall,0.8159739124721263,0.8152458378879353,0.8167019870563172,0.0010177780882468747,,0.0,39503,11454
chexpert,cxr-foundation,xgboost,disease,disease,per_radiograph,f1,0.8298153652144549,0.8291477730480781,0.8304829573808317,0.000933229498154442,,0.0,39503,11454
chexpert,cxr-foundation,xgboost,disease,disease,per_radiograph,roc,0.9472678567833329,0.9467749260281346,0.9477607875385312,0.0006890696812625462,,0.0,39503,11454
chexpert,cxr-foundation,xgboost,disease,disease,one_per_patient,accuracy,0.8838612711716429,0.8830402475385684,0.8846822948047175,0.0011477118990558814,0.001275315152073783,-3.018576323080757,39503,11454
chexpert,cxr-foundation,xgboost,disease,disease,one_per_patient,precision,0.8512621764077135,0.8500895800841828,0.8524347727312442,0.001639176631573433,0.0017132021575277797,0.5389844581407233,39503,11454
chexpert,cxr-foundation,xgboost,disease,disease,one_per_patient,recall,0.8271877409873586,0.825943409365166,0.8284320726095512,0.0017394556644049618,0.0018949539446345921,1.1213828515232338,39503,11454
chexpert,cxr-foundation,xgboost,disease,disease,one_per_patient,f1,0.8381217533328476,0.8369439131753798,0.8392995934903154,0.001646507005954573,0.0016929132734280386,0.8306388118392682,39503,11454
chexpert,cxr-foundation,xgboost,disease,disease,one_per_patient,roc,0.936375427553109,0.9357705421405801,0.9369803129656379,0.0008455715006947536,0.0011713526892823804,-1.0892429230223932,39503,11454
chexpert,cxr-foundation,xgboost,disease,disease,patient_balanced,accuracy,0.883852360701321,0.883027398195779,0.884677323206863,0.0011532180630900728,,-3.0194673701129493,39503,11454
chexpert,cxr-foundation,xgboost,disease,disease,patient_balanced,precision,0.8512408666263326,0.8500517807152423,0.8524299525374228,0.0016622274855198852,,0.5368534800026303,39503,11454
chexpert,cxr-foundation,xgboost,disease,disease,patient_balanced,recall,0.8272793189517591,0.8260469734632626,0.8285116644402556,0.0017227002048632691,,1.1305406479632851,39503,11454
chexpert,cxr-foundation,xgboost,disease,disease,patient_balanced,f1,0.8381717918527475,0.8369955855255713,0.8393479981799237,0.0016442230686947675,,0.8356426638292613,39503,11454
chexpert,cxr-foundation,xgboost,disease,disease,patient_balanced,roc,0.936363955322884,0.9357631045998517,0.9369648060459163,0.0008399313936896595,,-1.090390146044895,39503,11454
chexpert,cxr-foundation,mlp,disease,disease,per_radiograph,accuracy,0.9202263119256765,0.9196738627021867,0.9207787611491663,0.0007722707628390999,,0.0,39503,11454
chexpert,cxr-foundation,mlp,disease,disease,per_radiograph,precision,0.8679574186204381,0.8634714855024798,0.8724433517383964,0.00627090209153789,,0.0,39503,11454
chexpert,cxr-foundation,mlp,disease,disease,per_radiograph,recall,0.813317552355673,0.8064871594381567,0.8201479452731893,0.009548230904515271,,0.0,39503,11454
chexpert,cxr-foundation,mlp,disease,disease,per_radiograph,f1,0.8369228924650833,0.8342350065054756,0.8396107784246911,0.0037574054812460978,,0.0,39503,11454
chexpert,cxr-foundation,mlp,disease,disease,per_radiograph,roc,0.9551583495002651,0.9546842584544925,0.9556324405460378,0.0006627335834798558,,0.0,39503,11454
chexpert,cxr-foundation,mlp,disease,disease,one_per_patient,accuracy,0.8921101798498341,0.8910175863952683,0.8932027733043999,0.0015273403323844707,0.0012999485381620492,-2.8116132075842404,39503,11454
chexpert,cxr-foundation,mlp,disease,disease,one_per_patient,precision,0.8703290249718567,0.8676993710138103,0.8729586789299031,0.003676002756153217,0.001718383482985163,0.23716063514186425,39503,11454
chexpert,cxr-foundation,mlp,disease,disease,one_per_patient,recall,0.8286694554054266,0.822593882496495,0.8347450283143582,0.008493065291006798,0.0019408161665376235,1.5351903049753535,39503,11454
chexpert,cxr-foundation,mlp,disease,disease,one_per_patient,f1,0.846296980280858,0.8432635324751862,0.8493304280865298,0.004240467632699834,0.0017358051000280694,0.9374087815774645,39503,11454
chexpert,cxr-foundation,mlp,disease,disease,one_per_patient,roc,0.94632068497954,0.9457423134711017,0.9468990564879783,0.0008085076185001595,0.0010994535994889158,-0.8837664520725097,39503,11454
chexpert,cxr-foundation,mlp,disease,disease,patient_balanced,accuracy,0.8921680723652109,0.8910750957301211,0.8932610490003007,0.0015278759818216023,,-2.8058239560465603,39503,11454
chexpert,cxr-foundation,mlp,disease,disease,patient_balanced,precision,0.8704091549659843,0.8677726902310009,0.8730456197009676,0.0036855235658077895,,0.2451736345546185,39503,11454
chexpert,cxr-foundation,mlp,disease,disease,patient_balanced,recall,0.828826778865803,0.8227788438502008,0.8348747138814052,0.008454430180199887,,1.550922651012998,39503,11454
chexpert,cxr-foundation,mlp,disease,disease,patient_balanced,f1,0.846432467054657,0.8434128507626881,0.8494520833466259,0.004221132509788292,,0.9509574589573688,39503,11454
chexpert,cxr-foundation,mlp,disease,disease,patient_balanced,roc,0.9463365768719166,0.9457531659585946,0.9469199877852387,0.0008155522207700691,,-0.882177262834849,39503,11454
chexpert,medclip,logistic_regression,gender,demographic,per_radiograph,accuracy,0.8450262503453994,0.844748459620531,0.8453040410702677,0.0003883246566055585,,0.0,43428,11454
chexpert,medclip,logistic_regression,gender,demographic,per_radiograph,precision,0.8410564929414578,0.8406910541398902,0.8414219317430254,0.0005108482192713789,,0.0,43428,11454
chexpert,medclip,logistic_regression,gender,demographic,per_radiograph,recall,0.8344849360440765,0.8342432253870171,0.8347266467011358,0.0003378881996329553,,0.0,43428,11454
chexpert,medclip,logistic_regression,gender,demographic,per_radiograph,f1,0.8373387063961983,0.8370750673696897,0.837602345422707,0.0003685419464068998,,0.0,43428,11454
chexpert,medclip,logistic_regression,gender,demographic,per_radiograph,roc,0.9188620347841988,0.9187512044509076,0.91897286511749,0.0001549301228008063,,0.0,43428,11454
chexpert,medclip,logistic_regression,gender,demographic,one_per_patient,accuracy,0.844875720272394,0.8445207114433332,0.8452307291014548,0.0004962681230710923,0.0019507368686307272,-0.015053007300536159,43428,11454
chexpert,medclip,logistic_regression,gender,demographic,one_per_patient,precision,0.8464569398926978,0.846024450208501,0.8468894295768945,0.0006045788900285515,0.002025076600136908,0.5400446951239979,43428,11454
chexpert,medclip,logistic_regression,gender,demographic,one_per_patient,recall,0.8392012721366656,0.8388817097294562,0.839520834543875,0.000446717442068928,0.0019929321224714303,0.4716336092589146,43428,11454
chexpert,medclip,logistic_regression,gender,demographic,one_per_patient,f1,0.8416549458673972,0.841310709205034,0.8419991825297604,0.00048120967237691393,0.001996966449231622,0.4316239471198857,43428,11454
chexpert,medclip,logistic_regression,gender,demographic,one_per_patient,roc,0.9232935848137984,0.9231584590408574,0.9234287105867395,0.00018889280554909837,0.001386013910141337,0.4431550029599607,43428,11454
chexpert,medclip,logistic_regression,gender,demographic,patient_balanced,accuracy,0.8447049371041576,0.8443470602427687,0.8450628139655465,0.0005002773558109159,,-0.032131324124173855,43428,11454
chexpert,medclip,logistic_regression,gender,demographic,patient_balanced,precision,0.8462993543430464,0.8458647554028627,0.8467339532832301,0.0006075274265833926,,0.5242861401588583,43428,11454
chexpert,medclip,logistic_regression,gender,demographic,patient_balanced,recall,0.8390101624096831,0.8386866016329246,0.8393337231864415,0.00045230677728815943,,0.4525226365606594,43428,11454
chexpert,medclip,logistic_regression,gender,demographic,patient_balanced,f1,0.8414734870818534,0.8411259115613681,0.8418210626023388,0.0004858770741930545,,0.4134780685655093,43428,11454
chexpert,medclip,logistic_regression,gender,demographic,patient_balanced,roc,0.9232183223180437,0.9230837426172046,0.9233529020188828,0.00018812944938747205,,0.43562875338448714,43428,11454
chexpert,medclip,random_forest,gender,demographic,per_radiograph,accuracy,0.7379778023395044,0.7370430047293023,0.7389125999497065,0.0013067569521965482,,0.0,43428,11454
chexpert,medclip,random_forest,gender,demographic,per_radiograph,precision,0.7586117086231188,0.7579548208301028,0.7592685964161348,0.0009182658160102796,,0.0,43428,11454
chexpert,medclip,random_forest,gender,demographic,per_radiograph,recall,0.6934840226829627,0.6920653287119682,0.6949027166539572,0.0019831974209215905,,0.0,43428,11454
chexpert,medclip,random_forest,gender,demographic,per_radiograph,f1,0.6982306888228765,0.6966025664114971,0.699858811234256,0.002275958193386009,,0.0,43428,11454
chexpert,medclip,random_forest,gender,demographic,per_radiograph,roc,0.8192952760644155,0.8188502577877261,0.819740294341105,0.000622092654679261,,0.0,43428,11454
chexpert,medclip,random_forest,gender,demographic,one_per_patient,accuracy,0.7238221145451371,0.722835043635581,0.7248091854546932,0.0013798299859737345,0.0019129416885873408,-1.4155687794367267,43428,11454
chexpert,medclip,random_forest,gender,demographic,one_per_patient,precision,0.7583510698135912,0.7575184272672625,0.75918371235992,0.0011639540198166163,0.0022828264552757415,-0.026063880952753582,43428,11454
chexpert,medclip,random_forest,gender,demographic,one_per_patient,recall,0.7004292296962149,0.6992078734532383,0.7016505859391915,0.0017073382989000992,0.002030913649303864,0.6945207013252186,43428,11454
chexpert,medclip,random_forest,gender,demographic,one_per_patient,f1,0.6975901106578908,0.6960980825327547,0.6990821387830268,0.0020857114995969928,0.0022799574775806165,-0.064057816498575,43428,11454
chexpert,medclip,random_forest,gender,demographic,one_per_patient,roc,0.8236616286972154,0.8232099384812143,0.8241133189132165,0.0006314193827165138,0.001983308332524708,0.43663526327998303,43428,11454
chexpert,medclip,random_forest,gender,demographic,patient_balanced,accuracy,0.723973810051609,0.7229711328398284,0.7249764872633896,0.001401646092163288,,-1.4003992287895395,43428,11454
chexpert,medclip,random_forest,gender,demographic,patient_balanced,precision,0.7585631744844165,0.7577078049873419,0.759418543981491,0.0011957241062666407,,-0.004853413870231638,43428,11454
chexpert,medclip,random_forest,gender,demographic,patient_balanced,recall,0.700578331054503,0.6993431129158345,0.7018135491931714,0.0017267158929036887,,0.7094308371540237,43428,11454
chexpert,medclip,random_forest,gender,demographic,patient_balanced,f1,0.697751515304034,0.696245841199476,0.699257189408592,0.0021047872634679422,,-0.04791735188425239,43428,11454
chexpert,medclip,random_forest,gender,demographic,patient_balanced,roc,0.8240204878702595,0.8235672057635114,0.8244737699770076,0.0006336446925353989,,0.4725211805843954,43428,11454
chexpert,medclip,xgboost,gender,demographic,per_radiograph,accuracy,0.8204821773970711,0.8193192668251781,0.8216450879689641,0.0016256368844112838,,0.0,43428,11454
chexpert,medclip,xgboost,gender,demographic,per_radiograph,precision,0.8157147441410988,0.8144302492264981,0.8169992390556995,0.0017956000757776236,,0.0,43428,11454
chexpert,medclip,xgboost,gender,demographic,per_radiograph,recall,0.8077895567891418,0.8066356069711118,0.8089435066071717,0.0016131106142544247,,0.0,43428,11454
chexpert,medclip,xgboost,gender,demographic,per_radiograph,f1,0.8110762542462971,0.8098789384130041,0.8122735700795902,0.0016737321234619382,,0.0,43428,11454
chexpert,medclip,xgboost,gender,demographic,per_radiograph,roc,0.897375825344166,0.8968689542248728,0.8978826964634593,0.0007085569665298494,,0.0,43428,11454
chexpert,medclip,xgboost,gender,demographic,one_per_patient,accuracy,0.8204049676968745,0.8189313040095486,0.8218786313842005,0.0020600397857205304,0.001523738954678005,-0.007720970019653439,43428,11454
chexpert,medclip,xgboost,gender,demographic,one_per_patient,precision,0.8218822509051422,0.8203841100211171,0.8233803917891673,0.0020942565473038564,0.0015782871565953244,0.6167506764043429,43428,11454
chexpert,medclip,xgboost,gender,demographic,one_per_patient,recall,0.8138907937911501,0.8123630153582904,0.8154185722240099,0.002135686983756677,0.001564868759010642,0.6101237002008375,43428,11454
chexpert,medclip,xgboost,gender,demographic,one_per_patient,f1,0.8163919354377374,0.8148675318040193,0.8179163390714554,0.002130969339859688,0.001567714638942693,0.5315681191440214,43428,11454
chexpert,medclip,xgboost,gender,demographic,one_per_patient,roc,0.9027094052272924,0.9018513508195263,0.9035674596350585,0.0011994773526098684,0.0013698841092865577,0.5333579883126327,43428,11454
chexpert,medclip,xgboost,gender,demographic,patient_balanced,accuracy,0.8205441891443497,0.8190360364423849,0.8220523418463145,0.0021082521037260257,,0.0062011747278600815,43428,11454
chexpert,medclip,xgboost,gender,demographic,patient_balanced,precision,0.8220364244666009,0.8205040378296027,0.823568811103599,0.0021421288089488806,,0.6321680325502066,43428,11454
chexpert,medclip,xgboost,gender,demographic,patient_balanced,recall,0.8140193033619599,0.8124564684351367,0.8155821382887831,0.002184692583157448,,0.6229746572818162,43428,11454
chexpert,medclip,xgboost,gender,demographic,patient_balanced,f1,0.8165289469095918,0.8149690213999745,0.818088872419209,0.002180625498347715,,0.5452692663294623,43428,11454
chexpert,medclip,xgboost,gender,demographic,patient_balanced,roc,0.902790814200292,0.901916480472005,0.9036651479285789,0.0012222342735042338,,0.5414988856125902,43428,11454
chexpert,medclip,mlp,gender,demographic,per_radiograph,accuracy,0.8807175094409138,0.8799800789915175,0.88145493989031,0.0010308566859745904,,0.0,43428,11454
chexpert,medclip,mlp,gender,demographic,per_radiograph,precision,0.8773010007643475,0.8764289101244256,0.8781730914042694,0.0012190986521854455,,0.0,43428,11454
chexpert,medclip,mlp,gender,demographic,per_radiograph,recall,0.8737298570356316,0.8725931614560987,0.8748665526151644,0.0015889908520033765,,0.0,43428,11454
chexpert,medclip,mlp,gender,demographic,per_radiograph,f1,0.87537544043859,0.8745574141879844,0.8761934666891955,0.0011435218472873353,,0.0,43428,11454
chexpert,medclip,mlp,gender,demographic,per_radiograph,roc,0.9503090725136483,0.949767172574856,0.9508509724524405,0.0007575238796969949,,0.0,43428,11454
chexpert,medclip,mlp,gender,demographic,one_per_patient,accuracy,0.8854711454513706,0.8843303161352454,0.8866119747674959,0.0015947694173009414,0.0015032663449654994,0.4753636010456863,43428,11454
chexpert,medclip,mlp,gender,demographic,one_per_patient,precision,0.8863239321297327,0.8855364321343087,0.8871114321251568,0.0011008490850255913,0.0015500555324925458,0.9022931365385234,43428,11454
chexpert,medclip,mlp,gender,demographic,one_per_patient,recall,0.881737602847422,0.8802038902612163,0.8832713154336277,0.002143982358130318,0.0015318800830330962,0.8007745811790423,43428,11454
chexpert,medclip,mlp,gender,demographic,one_per_patient,f1,0.8835311217387943,0.8822674110018913,0.8847948324756973,0.0017665457987814427,0.0015300631658783119,0.8155681300204387,43428,11454
chexpert,medclip,mlp,gender,demographic,one_per_patient,roc,0.9550167435439659,0.9544366828172977,0.9555968042706342,0.0008108689827588523,0.0009262057964777478,0.47076710303176617,43428,11454
chexpert,medclip,mlp,gender,demographic,patient_balanced,accuracy,0.8853958484142191,0.8842690655095057,0.8865226313189326,0.001575133888106818,,0.4678338973305385,43428,11454
chexpert,medclip,mlp,gender,demographic,patient_balanced,precision,0.8862535377931355,0.885482380039252,0.8870246955470191,0.0010780042066109257,,0.8952537028788066,43428,11454
chexpert,medclip,mlp,gender,demographic,patient_balanced,recall,0.881651310683109,0.8801314808566361,0.8831711405095819,0.002124575598208776,,0.7921453647477428,43428,11454
chexpert,medclip,mlp,gender,demographic,patient_balanced,f1,0.8834521465708093,0.8822023632067181,0.8847019299349005,0.0017470766740756809,,0.8076706132219336,43428,11454
chexpert,medclip,mlp,gender,demographic,patient_balanced,roc,0.9549772639448744,0.9543936067306509,0.9555609211590979,0.0008158965256888975,,0.46681914312260986,43428,11454
chexpert,medclip,logistic_regression,age_decile,demographic,per_radiograph,accuracy,0.5297457861287648,0.5291938742234005,0.5302976980341291,0.0007715196438926883,,0.0,43428,11454
chexpert,medclip,logistic_regression,age_decile,demographic,per_radiograph,precision,0.5583199980211797,0.5575810791081168,0.5590589169342426,0.0010329374147048484,,0.0,43428,11454
chexpert,medclip,logistic_regression,age_decile,demographic,per_radiograph,recall,0.4868233475732853,0.4862465669972433,0.48740012814932737,0.00080628364836311,,0.0,43428,11454
chexpert,medclip,logistic_regression,age_decile,demographic,per_radiograph,f1,0.5076823808271483,0.5070948225029828,0.5082699391513139,0.000821349901352729,,0.0,43428,11454
chexpert,medclip,logistic_regression,age_decile,demographic,per_radiograph,roc,0.7826302726456247,0.7824929923732925,0.7827675529179569,0.00019190458802169824,,0.0,43428,11454
chexpert,medclip,logistic_regression,age_decile,demographic,one_per_patient,accuracy,0.5422821721669286,0.5413952661637803,0.543169078170077,0.001239809101895743,0.002612047158569605,1.2536386038163871,43428,11454
chexpert,medclip,logistic_regression,age_decile,demographic,one_per_patient,precision,0.5799790839414719,0.5790729187528477,0.5808852491300961,0.001266731586762518,0.0031144159341367048,2.16590859202922,43428,11454
chexpert,medclip,logistic_regression,age_decile,demographic,one_per_patient,recall,0.5124446880391968,0.5115694267887632,0.5133199492896305,0.0012235308600598847,0.0026905784375759897,2.5621340465911526,43428,11454
chexpert,medclip,logistic_regression,age_decile,demographic,one_per_patient,f1,0.5311199363492788,0.5302557364021594,0.5319841362963982,0.001208068224245879,0.0027485425541006166,2.343755552213045,43428,11454
chexpert,medclip,logistic_regression,age_decile,demographic,one_per_patient,roc,0.8020922514893435,0.8020091285866189,0.8021753743920681,0.00011619780563913597,0.001492701598183889,1.9461978843718808,43428,11454
chexpert,medclip,logistic_regression,age_decile,demographic,patient_balanced,accuracy,0.54242217592243,0.5415421339934977,0.5433022178513623,0.0012302137877825703,,1.2676389793665255,43428,11454
chexpert,medclip,logistic_regression,age_decile,demographic,patient_balanced,precision,0.5802339708383015,0.5793422268355197,0.5811257148410833,0.0012465721590395695,,2.191397281712182,43428,11454
chexpert,medclip,logistic_regression,age_decile,demographic,patient_balanced,recall,0.5126030101845078,0.5117303730098121,0.5134756473592036,0.0012198626551178132,,2.57796626112225,43428,11454
chexpert,medclip,logistic_regression,age_decile,demographic,patient_balanced,f1,0.531294659425593,0.5304380495961818,0.5321512692550041,0.0011974579713151952,,2.3612278598444614,43428,11454
chexpert,medclip,logistic_regression,age_decile,demographic,patient_balanced,roc,0.8021347828469615,0.8020547949759627,0.8022147707179603,0.00011181533347786742,,1.950451020133681,43428,11454
chexpert,medclip,random_forest,age_decile,demographic,per_radiograph,accuracy,0.44541079487888,0.44465116193414955,0.4461704278236105,0.0010618936343124207,,0.0,43428,11454
chexpert,medclip,random_forest,age_decile,demographic,per_radiograph,precision,0.5991505352212111,0.5761284670588089,0.6221726033836132,0.03218263215142208,,0.0,43428,11454
chexpert,medclip,random_forest,age_decile,demographic,per_radiograph,recall,0.3178669849014587,0.3171444453665928,0.3185895244363246,0.0010100406228240038,,0.0,43428,11454
chexpert,medclip,random_forest,age_decile,demographic,per_radiograph,f1,0.2765564139899096,0.2755074469907816,0.2776053809890376,0.0014663547529170113,,0.0,43428,11454
chexpert,medclip,random_forest,age_decile,demographic,per_radiograph,roc,0.7213573286705633,0.721125874017651,0.7215887833234756,0.00032355129443044887,,0.0,43428,11454
chexpert,medclip,random_forest,age_decile,demographic,one_per_patient,accuracy,0.44555692334555613,0.44468111939261007,0.4464327272985022,0.0012242895058600964,0.002025228360721862,0.01461284666761098,43428,11454
chexpert,medclip,random_forest,age_decile,demographic,one_per_patient,precision,0.5409703613352239,0.5120501158117491,0.5698906068586987,0.04042771556600624,0.05842668164299772,-5.818017388598717,43428,11454
chexpert,medclip,random_forest,age_decile,demographic,one_per_patient,recall,0.33681488284288513,0.33589602603116225,0.337733739654608,0.0012844732524855962,0.0017882031760484728,1.8947897941426428,43428,11454
chexpert,medclip,random_forest,age_decile,demographic,one_per_patient,f1,0.29664674225338106,0.2953551424375582,0.2979383420692039,0.0018055320428316045,0.00226026087657801,2.0090328263471458,43428,11454
chexpert,medclip,random_forest,age_decile,demographic,one_per_patient,roc,0.7374174608252129,0.7371650481569639,0.7376698734934618,0.0003528485796893104,0.001390021880602033,1.606013215464952,43428,11454
chexpert,medclip,random_forest,age_decile,demographic,patient_balanced,accuracy,0.44564909592383073,0.44477033476866745,0.446527857078994,0.00122842338950959,,0.023830104495070614,43428,11454
chexpert,medclip,random_forest,age_decile,demographic,patient_balanced,precision,0.5860540381743362,0.5528916804632331,0.6192163958854393,0.04635777949929185,,-1.3096497046874878,43428,11454
chexpert,medclip,random_forest,age_decile,demographic,patient_balanced,recall,0.3369096937816991,0.33597955900698834,0.33783982855640987,0.0013002387576390019,,1.90427088802404,43428,11454
chexpert,medclip,random_forest,age_decile,demographic,patient_balanced,f1,0.2966816565430378,0.2953687575446153,0.2979945555414603,0.001835306247038464,,2.0125242553128198,43428,11454
chexpert,medclip,random_forest,age_decile,demographic,patient_balanced,roc,0.7374608045676363,0.7372049969176212,0.7377166122176514,0.0003575944369499131,,1.610347589707295,43428,11454
chexpert,medclip,xgboost,age_decile,demographic,per_radiograph,accuracy,0.5001105277701022,0.49867101263355934,0.5015500429066451,0.0020123034033676297,,0.0,43428,11454
chexpert,medclip,xgboost,age_decile,demographic,per_radiograph,precision,0.5224954365113268,0.520388506512643,0.5246023665100106,0.002945285047291009,,0.0,43428,11454
chexpert,medclip,xgboost,age_decile,demographic,per_radiograph,recall,0.44812266075414675,0.44671768057027933,0.4495276409380142,0.001964026868415171,,0.0,43428,11454
chexpert,medclip,xgboost,age_decile,demographic,per_radiograph,f1,0.4666945081565249,0.46519691563040794,0.4681921006826419,0.002093489995805522,,0.0,43428,11454
chexpert,medclip,xgboost,age_decile,demographic,per_radiograph,roc,0.757459454658043,0.7568076850018434,0.7581112243142426,0.0009111111540877438,,0.0,43428,11454
chexpert,medclip,xgboost,age_decile,demographic,one_per_patient,accuracy,0.5079032215819801,0.5060299480849796,0.5097764950789806,0.0026186557805190054,0.002010354293139853,0.779269381187786,43428,11454
chexpert,medclip,xgboost,age_decile,demographic,one_per_patient,precision,0.5404733843068109,0.5381208729979987,0.5428258956156231,0.0032885840468149393,0.002450597087588897,1.7977947795484117,43428,11454
chexpert,medclip,xgboost,age_decile,demographic,one_per_patient,recall,0.47070294644606153,0.4689608401560934,0.47244505273602966,0.0024352966685367255,0.002088294857023114,2.2580285691914783,43428,11454
chexpert,medclip,xgboost,age_decile,demographic,one_per_patient,f1,0.48752031182973826,0.4856259675336463,0.48941465612583024,0.0026481107265955896,0.002202371836106025,2.0825803673213352,43428,11454
chexpert,medclip,xgboost,age_decile,demographic,one_per_patient,roc,0.7761127317538886,0.7753750830861237,0.7768503804216536,0.0010311617342195834,0.0013677596124919691,1.8653277095845633,43428,11454
chexpert,medclip,xgboost,age_decile,demographic,patient_balanced,accuracy,0.5079959928669592,0.5061652880042521,0.5098266977296663,0.002559148933045899,,0.7885465096856947,43428,11454
chexpert,medclip,xgboost,age_decile,demographic,patient_balanced,precision,0.5406928242449763,0.5384072487861122,0.5429783997038404,0.0031950141806575934,,1.819738773364954,43428,11454
chexpert,medclip,xgboost,age_decile,demographic,patient_balanced,recall,0.4707279308334186,0.46904913397311215,0.472406727693725,0.0023467961883823153,,2.260527007927182,43428,11454
chexpert,medclip,xgboost,age_decile,demographic,patient_balanced,f1,0.48757277091857903,0.4857483473909842,0.48939719444617386,0.002550368232028406,,2.087826276205412,43428,11454
chexpert,medclip,xgboost,age_decile,demographic,patient_balanced,roc,0.7761376405635801,0.7754004445116178,0.7768748366155425,0.00103052902095611,,1.867818590553716,43428,11454
chexpert,medclip,mlp,age_decile,demographic,per_radiograph,accuracy,0.5475108225108226,0.5459468345639512,0.549074810457694,0.002186304394043124,,0.0,43428,11454
chexpert,medclip,mlp,age_decile,demographic,per_radiograph,precision,0.5844197000650151,0.5798104803136429,0.5890289198163873,0.006443244921224444,,0.0,43428,11454
chexpert,medclip,mlp,age_decile,demographic,per_radiograph,recall,0.5046874171999782,0.5008750086881879,0.5084998257117685,0.005329379614394135,,0.0,43428,11454
chexpert,medclip,mlp,age_decile,demographic,per_radiograph,f1,0.5273026896999645,0.524174097970415,0.530431281429514,0.004373469667182485,,0.0,43428,11454
chexpert,medclip,mlp,age_decile,demographic,per_radiograph,roc,0.798253109585103,0.7974076160288128,0.7990986031413931,0.0011819184930101923,,0.0,43428,11454
chexpert,medclip,mlp,age_decile,demographic,one_per_patient,accuracy,0.5595726820324778,0.5576367505134194,0.5615086135515361,0.0027062456556334706,0.0023461263673556607,1.2061859521655172,43428,11454
chexpert,medclip,mlp,age_decile,demographic,one_per_patient,precision,0.600620634692201,0.5964014337833577,0.6048398356010442,0.005898036174004506,0.002908868232527094,1.620093462718586,43428,11454
chexpert,medclip,mlp,age_decile,demographic,one_per_patient,recall,0.5313560824851443,0.5276023762974468,0.5351097886728419,0.005247319423737678,0.0024868041194940228,2.6668665285166093,43428,11454
chexpert,medclip,mlp,age_decile,demographic,one_per_patient,f1,0.5502957902521683,0.5470782334727201,0.5535133470316166,0.004497834231435639,0.0025628304357863713,2.2993100552203827,43428,11454
chexpert,medclip,mlp,age_decile,demographic,one_per_patient,roc,0.8166944595692092,0.8159297588127752,0.8174591603256431,0.0010689779465782997,0.0013774264794782797,1.8441349984106181,43428,11454
chexpert,medclip,mlp,age_decile,demographic,patient_balanced,accuracy,0.5596338722197715,0.5577326868067899,0.561535057632753,0.0026576739485794157,,1.212304970894884,43428,11454
chexpert,medclip,mlp,age_decile,demographic,patient_balanced,precision,0.6007975363970866,0.59661189135832,0.6049831814358531,0.0058511283021495915,,1.637783633207146,43428,11454
chexpert,medclip,mlp,age_decile,demographic,patient_balanced,recall,0.53143370404696,0.5276903522372715,0.5351770558566485,0.005232845001358688,,2.674628684698177,43428,11454
chexpert,medclip,mlp,age_decile,demographic,patient_balanced,f1,0.5503737403120391,0.5471918930156467,0.5535555876084315,0.0044479158162264824,,2.3071050612074595,43428,11454
chexpert,medclip,mlp,age_decile,demographic,patient_balanced,roc,0.8167113768878578,0.8159565182799802,0.8174662354957354,0.0010552195715993191,,1.8458267302754794,43428,11454
chexpert,medclip,logistic_regression,race-bin,demographic,per_radiograph,accuracy,0.6372225292438058,0.6368159874801081,0.6376290710075035,0.0005683061983388987,,0.0,43428,11454
chexpert,medclip,logistic_regression,race-bin,demographic,per_radiograph,precision,0.6327493099697515,0.6322879515019424,0.6332106684375607,0.0006449346668034461,,0.0,43428,11454
chexpert,medclip,logistic_regression,race-bin,demographic,per_radiograph,recall,0.625819582186101,0.6253908785663942,0.6262482858058078,0.0005992863368174877,,0.0,43428,11454
chexpert,medclip,logistic_regression,race-bin,demographic,per_radiograph,f1,0.6256782542830381,0.6252092305431759,0.6261472780229004,0.0006556499782639218,,0.0,43428,11454
chexpert,medclip,logistic_regression,race-bin,demographic,per_radiograph,roc,0.6796371795236723,0.6794719658579319,0.6798023931894127,0.0002309527794551255,,0.0,43428,11454
chexpert,medclip,logistic_regression,race-bin,demographic,one_per_patient,accuracy,0.6390767854024795,0.638547040135562,0.639606530669397,0.0007405328200273049,0.0022607786505359595,0.18542561586736284,43428,11454
chexpert,medclip,logistic_regression,race-bin,demographic,one_per_patient,precision,0.636062940613629,0.6355124849901015,0.6366133962371565,0.0007694839022585292,0.0023685519318362752,0.3313630643877463,43428,11454
chexpert,medclip,logistic_regression,race-bin,demographic,one_per_patient,recall,0.6308185767191145,0.630233182203811,0.6314039712344179,0.0008183251051370577,0.002288776706205042,0.49989945330134455,43428,11454
chexpert,medclip,logistic_regression,race-bin,demographic,one_per_patient,f1,0.6307554684638567,0.63013510729707,0.6313758296306433,0.0008672051134106472,0.0023304329468725017,0.5077214180818523,43428,11454
chexpert,medclip,logistic_regression,race-bin,demographic,one_per_patient,roc,0.6839613362358781,0.6837189149517207,0.6842037575200355,0.0003388815878173489,0.0024177438733091034,0.4324156712205762,43428,11454
chexpert,medclip,logistic_regression,race-bin,demographic,patient_balanced,accuracy,0.6391500914049237,0.6386098256125173,0.6396903571973301,0.0007552395005678314,,0.19275621611178906,43428,11454
chexpert,medclip,logistic_regression,race-bin,demographic,patient_balanced,precision,0.6361355180573046,0.6355726823246608,0.6366983537899484,0.0007867901014615655,,0.33862080875530776,43428,11454
chexpert,medclip,logistic_regression,race-bin,demographic,patient_balanced,recall,0.6308947323597222,0.6303024350631836,0.6314870296562607,0.0008279745279318635,,0.5075150173621146,43428,11454
chexpert,medclip,logistic_regression,race-bin,demographic,patient_balanced,f1,0.6308358966450329,0.6302096902227802,0.6314621030672857,0.0008753762171172318,,0.5157642361994785,43428,11454
chexpert,medclip,logistic_regression,race-bin,demographic,patient_balanced,roc,0.6839181823198669,0.6836760795398795,0.6841602850998543,0.0003384363496888641,,0.42810027961945885,43428,11454
chexpert,medclip,random_forest,race-bin,demographic,per_radiograph,accuracy,0.6062609376439163,0.6054930939622528,0.6070287813255798,0.001073371453096754,,0.0,43428,11454
chexpert,medclip,random_forest,race-bin,demographic,per_radiograph,precision,0.6187961994082303,0.6179580178070891,0.6196343810093714,0.0011716970845246336,,0.0,43428,11454
chexpert,medclip,random_forest,race-bin,demographic,per_radiograph,recall,0.576218811405713,0.5750285144465198,0.5774091083649061,0.0016639204140325313,,0.0,43428,11454
chexpert,medclip,random_forest,race-bin,demographic,per_radiograph,f1,0.5501511165117956,0.5477072069675755,0.5525950260560157,0.003416349969870771,,0.0,43428,11454
chexpert,medclip,random_forest,race-bin,demographic,per_radiograph,roc,0.6447057305962264,0.6443481199153118,0.6450633412771409,0.0004999052611653154,,0.0,43428,11454
chexpert,medclip,random_forest,race-bin,demographic,one_per_patient,accuracy,0.6066116640474943,0.6056992520732897,0.607524076021699,0.001275463990864852,0.0020253387732252553,0.035072640357802776,43428,11454
chexpert,medclip,random_forest,race-bin,demographic,one_per_patient,precision,0.6193865172250095,0.6181426537952792,0.6206303806547397,0.0017388011764724902,0.002887622049412489,0.05903178167792067,43428,11454
chexpert,medclip,random_forest,race-bin,demographic,one_per_patient,recall,0.5832694943530503,0.5820949900046649,0.5844439987014357,0.001641843866402155,0.0020767909020805776,0.705068294733735,43428,11454
chexpert,medclip,random_forest,race-bin,demographic,one_per_patient,f1,0.5615511462055793,0.559404394160457,0.5636978982507017,0.0030009524296916094,0.0024406525093706236,1.140002969378373,43428,11454
chexpert,medclip,random_forest,race-bin,demographic,one_per_patient,roc,0.6456306806634396,0.645212726438624,0.6460486348882553,0.0005842597189136155,0.002303723069960033,0.09249500672132704,43428,11454
chexpert,medclip,random_forest,race-bin,demographic,patient_balanced,accuracy,0.6065023027925805,0.6055844221489443,0.6074201834362168,0.0012831086635952365,,0.024136514866424097,43428,11454
chexpert,medclip,random_forest,race-bin,demographic,patient_balanced,precision,0.6192366224157662,0.6179886371944879,0.6204846076370444,0.0017445630437494097,,0.04404230075358839,43428,11454
chexpert,medclip,random_forest,race-bin,demographic,patient_balanced,recall,0.5831555198757785,0.5819742652400368,0.5843367745115202,0.0016512801174537108,,0.6936708470065556,43428,11454
chexpert,medclip,random_forest,race-bin,demographic,patient_balanced,f1,0.5614192016322299,0.5592615052459665,0.5635768980184933,0.0030162515636615226,,1.1268085120434312,43428,11454
chexpert,medclip,random_forest,race-bin,demographic,patient_balanced,roc,0.6455323064830194,0.6451253609645297,0.6459392520015091,0.0005688706086194361,,0.0826575886793024,43428,11454
chexpert,medclip,xgboost,race-bin,demographic,per_radiograph,accuracy,0.6142258450769089,0.6127667263646566,0.6156849637891613,0.0020397073125846777,,0.0,43428,11454
chexpert,medclip,xgboost,race-bin,demographic,per_radiograph,precision,0.6082113105230145,0.6066701220642019,0.609752498981827,0.002154432907421557,,0.0,43428,11454
chexpert,medclip,xgboost,race-bin,demographic,per_radiograph,recall,0.6034442433804131,0.6020160054249127,0.6048724813359135,0.001996538991298548,,0.0,43428,11454
chexpert,medclip,xgboost,race-bin,demographic,per_radiograph,f1,0.6031265816092573,0.6016806826912692,0.6045724805272453,0.0020212273144834965,,0.0,43428,11454
chexpert,medclip,xgboost,race-bin,demographic,per_radiograph,roc,0.6476797183355533,0.6462258726874971,0.6491335639836094,0.0020323360771187567,,0.0,43428,11454
chexpert,medclip,xgboost,race-bin,demographic,one_per_patient,accuracy,0.6154184564344334,0.6130889351480777,0.617747977720789,0.0032564462114714745,0.0015929894126966795,0.11926113575244646,43428,11454
chexpert,medclip,xgboost,race-bin,demographic,one_per_patient,precision,0.6112454657280558,0.6088066766322024,0.6136842548239092,0.003409192076623474,0.001662798043143581,0.30341552050413556,43428,11454
chexpert,medclip,xgboost,race-bin,demographic,one_per_patient,recall,0.60740489857866,0.6051615406991215,0.6096482564581984,0.003135998074190703,0.0016095804739496417,0.3960655198246843,43428,11454
chexpert,medclip,xgboost,race-bin,demographic,one_per_patient,f1,0.6071272283185271,0.6048815345697557,0.6093729220672984,0.003139263394219572,0.0016360117645613374,0.4000646709269806,43428,11454
chexpert,medclip,xgboost,race-bin,demographic,one_per_patient,roc,0.6510354342039493,0.6489280542385569,0.6531428141693416,0.002945914057376343,0.002060049719454755,0.3355715868396003,43428,11454
chexpert,medclip,xgboost,race-bin,demographic,patient_balanced,accuracy,0.615417188487479,0.613091291134126,0.6177430858408319,0.003251380302451211,,0.11913434105700338,43428,11454
chexpert,medclip,xgboost,race-bin,demographic,patient_balanced,precision,0.6112411164760088,0.608805650245263,0.6136765827067545,0.0034045470315002503,,0.3029805952994291,43428,11454
chexpert,medclip,xgboost,race-bin,demographic,patient_balanced,recall,0.6073946713002816,0.6051560796705254,0.6096332629300377,0.0031293353164226177,,0.3950427919868438,43428,11454
chexpert,medclip,xgboost,race-bin,demographic,patient_balanced,f1,0.6071169133358384,0.6048764633481595,0.6093573633235173,0.003131933121668088,,0.3990331726581142,43428,11454
chexpert,medclip,xgboost,race-bin,demographic,patient_balanced,roc,0.651036116048272,0.6489748415757629,0.6530973905207812,0.0028814630225191254,,0.3356397712718784,43428,11454
chexpert,medclip,mlp,race-bin,demographic,per_radiograph,accuracy,0.6436976144422953,0.641416272135159,0.6459789567494317,0.0031890966425835382,,0.0,43428,11454
chexpert,medclip,mlp,race-bin,demographic,per_radiograph,precision,0.6428671560832273,0.6403565178707322,0.6453777942957224,0.0035096302160197816,,0.0,43428,11454
chexpert,medclip,mlp,race-bin,demographic,per_radiograph,recall,0.6279824058074233,0.624850123181768,0.6311146884330785,0.004378629184165925,,0.0,43428,11454
chexpert,medclip,mlp,race-bin,demographic,per_radiograph,f1,0.6256956930199455,0.6216621080280285,0.6297292780118626,0.005638563014002447,,0.0,43428,11454
chexpert,medclip,mlp,race-bin,demographic,per_radiograph,roc,0.6871743214863726,0.6847624107724408,0.6895862322003043,0.0033716186895538795,,0.0,43428,11454
chexpert,medclip,mlp,race-bin,demographic,one_per_patient,accuracy,0.6460061114021302,0.6434600347943357,0.6485521880099246,0.0035591696766760984,0.0018936218859083274,0.2308496959834816,43428,11454
chexpert,medclip,mlp,race-bin,demographic,one_per_patient,precision,0.6464381190296924,0.6437328605375545,0.6491433775218303,0.003781690607152564,0.002077084223458946,0.3570962946465084,43428,11454
chexpert,medclip,mlp,race-bin,demographic,one_per_patient,recall,0.6341297778266819,0.6309515210983601,0.6373080345550037,0.004442896548165313,0.0019250042635284821,0.6147372019258635,43428,11454
chexpert,medclip,mlp,race-bin,demographic,one_per_patient,f1,0.6322076186068902,0.6282542604428811,0.6361609767708993,0.005526413641799061,0.002004345177544534,0.6511925586944689,43428,11454
chexpert,medclip,mlp,race-bin,demographic,one_per_patient,roc,0.6920829618602655,0.6898841474950311,0.6942817762254999,0.00307373053482518,0.0021595209063889165,0.49086403738929363,43428,11454
chexpert,medclip,mlp,race-bin,demographic,patient_balanced,accuracy,0.6460492051163886,0.6434896670743037,0.6486087431584736,0.003577987464241677,,0.23515906740932957,43428,11454
chexpert,medclip,mlp,race-bin,demographic,patient_balanced,precision,0.6464804703832991,0.6437697761158614,0.6491911646507369,0.0037892892970574875,,0.3613314300071835,43428,11454
chexpert,medclip,mlp,race-bin,demographic,patient_balanced,recall,0.6341746663915216,0.630977800241569,0.6373715325414743,0.004468910725808672,,0.6192260584098386,43428,11454
chexpert,medclip,mlp,race-bin,demographic,patient_balanced,f1,0.6322566381989353,0.6282825159069543,0.6362307604909163,0.005555439891211237,,0.6560945178989752,43428,11454
chexpert,medclip,mlp,race-bin,demographic,patient_balanced,roc,0.6920946247798896,0.6898932156870075,0.6942960338727717,0.003077357713966071,,0.4920303293517003,43428,11454
chexpert,medclip,logistic_regression,race-cls,demographic,per_radiograph,accuracy,0.5793082803721101,0.5790522912547195,0.5795642694895008,0.00035784811084895845,,0.0,43428,11454
chexpert,medclip,logistic_regression,race-cls,demographic,per_radiograph,precision,0.445784480262179,0.443121642217555,0.44844731830680296,0.003722390910513365,,0.0,43428,11454
chexpert,medclip,logistic_regression,race-cls,demographic,per_radiograph,recall,0.32080925086957934,0.3200098797463541,0.3216086219928046,0.0011174437774118245,,0.0,43428,11454
chexpert,medclip,logistic_regression,race-cls,demographic,per_radiograph,f1,0.316110448337579,0.3148795604131156,0.3173413362620424,0.0017206626708423606,,0.0,43428,11454
chexpert,medclip,logistic_regression,race-cls,demographic,per_radiograph,roc,0.6923160992535224,0.6921263770525812,0.6925058214544637,0.00026521334924299795,,0.0,43428,11454
chexpert,medclip,logistic_regression,race-cls,demographic,one_per_patient,accuracy,0.5710937663698271,0.5706836109288487,0.5715039218108056,0.0005733577708483684,0.0017443350471449686,-0.8214514002283013,43428,11454
chexpert,medclip,logistic_regression,race-cls,demographic,one_per_patient,precision,0.44752094688659516,0.4441070067456672,0.4509348870275231,0.0047723592410298145,0.0076563663286446275,0.17364666244161775,43428,11454
chexpert,medclip,logistic_regression,race-cls,demographic,one_per_patient,recall,0.32476255212293137,0.32373582963995995,0.3257892746059028,0.0014352590635200696,0.0021070006370651666,0.3953301253352026,43428,11454
chexpert,medclip,logistic_regression,race-cls,demographic,one_per_patient,f1,0.3215340946072579,0.32003122207280754,0.32303696714170826,0.002100870938505817,0.0030942196164850805,0.5423646269678895,43428,11454
chexpert,medclip,logistic_regression,race-cls,demographic,one_per_patient,roc,0.6993135268348025,0.6990160362626606,0.6996110174069444,0.00041586314418944417,0.002141803204061827,0.699742758128008,43428,11454
chexpert,medclip,logistic_regression,race-cls,demographic,patient_balanced,accuracy,0.5709947801348199,0.5705940622715717,0.571395497998068,0.0005601649468869441,,-0.8313500237290272,43428,11454
chexpert,medclip,logistic_regression,race-cls,demographic,patient_balanced,precision,0.446641741227532,0.4433383366347588,0.44994514582030515,0.004617841199434779,,0.08572609653529906,43428,11454
chexpert,medclip,logistic_regression,race-cls,demographic,patient_balanced,recall,0.32469446192702495,0.32368357367078765,0.32570535018326224,0.001413124340836033,,0.38852110574456034,43428,11454
chexpert,medclip,logistic_regression,race-cls,demographic,patient_balanced,f1,0.32143469782364287,0.31995892842999996,0.3229104672172858,0.0020629833601787436,,0.5324249486063859,43428,11454
chexpert,medclip,logistic_regression,race-cls,demographic,patient_balanced,roc,0.6993314864718834,0.6990409396275771,0.6996220333161897,0.0004061564819940107,,0.7015387218360924,43428,11454
chexpert,medclip,random_forest,race-cls,demographic,per_radiograph,accuracy,0.552178318135765,0.5520069574589861,0.5523496788125439,0.00023954570836523005,,0.0,43428,11454
chexpert,medclip,random_forest,race-cls,demographic,per_radiograph,precision,0.28212603790874113,0.27487343233349115,0.2893786434839911,0.010138443502170061,,0.0,43428,11454
chexpert,medclip,random_forest,race-cls,demographic,per_radiograph,recall,0.25126072654567894,0.251099321149246,0.2514221319421119,0.00022562918604934515,,0.0,43428,11454
chexpert,medclip,random_forest,race-cls,demographic,per_radiograph,f1,0.18076757915120056,0.1804028838151199,0.18113227448728123,0.0005098089261845921,,0.0,43428,11454
chexpert,medclip,random_forest,race-cls,demographic,per_radiograph,roc,0.6424586971901287,0.6418143634673766,0.6431030309128808,0.0009007164358913896,,0.0,43428,11454
chexpert,medclip,random_forest,race-cls,demographic,one_per_patient,accuracy,0.5446981403876375,0.5445300402069911,0.5448662405682839,0.0002349878490571581,0.00024842707583140383,-0.7480177748127481,43428,11454
chexpert,medclip,random_forest,race-cls,demographic,one_per_patient,precision,0.290012060492839,0.2810278572881017,0.2989962636975763,0.012559050076303816,0.01069368064116457,0.7886022584097874,43428,11454
chexpert,medclip,random_forest,race-cls,demographic,one_per_patient,recall,0.25162420167732147,0.25146667720706745,0.2517817261475755,0.00022020402534087108,0.00021032717601133572,0.03634751316425322,43428,11454
chexpert,medclip,random_forest,race-cls,demographic,one_per_patient,f1,0.17996405318720035,0.1795899367268743,0.18033816964752641,0.0005229787497601217,0.00042666942350127904,-0.08035259640002124,43428,11454
chexpert,medclip,random_forest,race-cls,demographic,one_per_patient,roc,0.6466823378729785,0.6459069120613976,0.6474577636845593,0.001083970539865767,0.002121632143847659,0.42236406828497497,43428,11454
chexpert,medclip,random_forest,race-cls,demographic,patient_balanced,accuracy,0.544704791521046,0.5445344166060031,0.5448751664360889,0.0002381677084776289,,-0.7473526614719006,43428,11454
chexpert,medclip,random_forest,race-cls,demographic,patient_balanced,precision,0.29028516870452226,0.28103732537238296,0.29953301203666155,0.012927593561653586,,0.8159130795781122,43428,11454
chexpert,medclip,random_forest,race-cls,demographic,patient_balanced,recall,0.2516279741434214,0.2514699898753069,0.25178595841153595,0.00022084677842908784,,0.03672475977424816,43428,11454
chexpert,medclip,random_forest,race-cls,demographic,patient_balanced,f1,0.1799685992137905,0.1795952442450363,0.18034195418254467,0.0005219142579442412,,-0.07989799374100715,43428,11454
chexpert,medclip,random_forest,race-cls,demographic,patient_balanced,roc,0.6465791741905068,0.6458088827871674,0.6473494655938462,0.0010767931320592892,,0.41204770003780977,43428,11454
chexpert,medclip,xgboost,race-cls,demographic,per_radiograph,accuracy,0.5677719443676891,0.5669580973709744,0.5685857913644038,0.0011376796531939206,,0.0,43428,11454
chexpert,medclip,xgboost,race-cls,demographic,per_radiograph,precision,0.4122905026129599,0.4054460747122754,0.4191349305136444,0.00956785045812656,,0.0,43428,11454
chexpert,medclip,xgboost,race-cls,demographic,per_radiograph,recall,0.3030398109957176,0.30191698952432616,0.304162632467109,0.0015695961861724426,,0.0,43428,11454
chexpert,medclip,xgboost,race-cls,demographic,per_radiograph,f1,0.2901584597577542,0.2883223007022472,0.29199461881326116,0.0025667733688404574,,0.0,43428,11454
chexpert,medclip,xgboost,race-cls,demographic,per_radiograph,roc,0.6678188338902145,0.6669651981367529,0.668672469643676,0.0011933004998143106,,0.0,43428,11454
chexpert,medclip,xgboost,race-cls,demographic,one_per_patient,accuracy,0.5599787847040335,0.5589039651708686,0.5610536042371984,0.0015024941035270802,0.0013106816146812017,-0.7793159663655569,43428,11454
chexpert,medclip,xgboost,race-cls,demographic,one_per_patient,precision,0.4126982110318352,0.4055931668838742,0.41980325517979616,0.009932166850538255,0.005627245439484356,0.04077084188752744,43428,11454
chexpert,medclip,xgboost,race-cls,demographic,one_per_patient,recall,0.30672422760951307,0.30510307616529997,0.30834537905372617,0.0022662134532318726,0.0014026896604560435,0.36844166137954826,43428,11454
chexpert,medclip,xgboost,race-cls,demographic,one_per_patient,f1,0.2956645968207826,0.29308829664812563,0.2982408969934396,0.0036014193070485908,0.0020524847081210976,0.5506137063028438,43428,11454
chexpert,medclip,xgboost,race-cls,demographic,one_per_patient,roc,0.6737224621608391,0.6728539988812431,0.6745909254404351,0.0012140279520977482,0.002111807548576183,0.5903628270624628,43428,11454
chexpert,medclip,xgboost,race-cls,demographic,patient_balanced,accuracy,0.5599759153428797,0.5589184679570101,0.5610333627287494,0.0014782095161417284,,-0.7796029024809359,43428,11454
chexpert,medclip,xgboost,race-cls,demographic,patient_balanced,precision,0.4125784126242412,0.40550068481257795,0.4196561404359045,0.009893981245466085,,0.028791001128131155,43428,11454
chexpert,medclip,xgboost,race-cls,demographic,patient_balanced,recall,0.30673096996335986,0.3051343626758493,0.3083275772508704,0.0022319030880182658,,0.3691158967642272,43428,11454
chexpert,medclip,xgboost,race-cls,demographic,patient_balanced,f1,0.29567962813533677,0.29314474571732474,0.2982145105533488,0.0035435212783887266,,0.5521168377582597,43428,11454
chexpert,medclip,xgboost,race-cls,demographic,patient_balanced,roc,0.6737043812375101,0.6728162148628305,0.6745925476121897,0.0012415709798069398,,0.5885547347295628,43428,11454
chexpert,medclip,mlp,race-cls,demographic,per_radiograph,accuracy,0.5826885880077369,0.5815440069077886,0.5838331691076852,0.001600014049444303,,0.0,43428,11454
chexpert,medclip,mlp,race-cls,demographic,per_radiograph,precision,0.4507716127850879,0.4465939627344776,0.45494926283569825,0.00583995207935884,,0.0,43428,11454
chexpert,medclip,mlp,race-cls,demographic,per_radiograph,recall,0.3278278477971414,0.32402691175465087,0.33162878383963196,0.0053133422081655295,,0.0,43428,11454
chexpert,medclip,mlp,race-cls,demographic,per_radiograph,f1,0.3250415354569883,0.3188812505655758,0.33120182034840073,0.008611484476970787,,0.0,43428,11454
chexpert,medclip,mlp,race-cls,demographic,per_radiograph,roc,0.6894840690418349,0.6883146176367189,0.6906535204469509,0.0016347803387741849,,0.0,43428,11454
chexpert,medclip,mlp,race-cls,demographic,one_per_patient,accuracy,0.5757602584250043,0.5746169626399541,0.5769035542100546,0.0015982173031106836,0.0013639855060041622,-0.6928329582732595,43428,11454
chexpert,medclip,mlp,race-cls,demographic,one_per_patient,precision,0.4576877435154369,0.45232460038381495,0.46305088664705885,0.00749715713474827,0.005329596476229422,0.6916130730348968,43428,11454
chexpert,medclip,mlp,race-cls,demographic,one_per_patient,recall,0.3354251848702105,0.3307485785731561,0.3401017911672649,0.006537444816574707,0.0016854113585674448,0.7597337073069088,43428,11454
chexpert,medclip,mlp,race-cls,demographic,one_per_patient,f1,0.33570484946290635,0.3283885424953146,0.34302115643049813,0.01022749190836918,0.002408225704372248,1.0663314005918079,43428,11454
chexpert,medclip,mlp,race-cls,demographic,one_per_patient,roc,0.6973594901120512,0.6963493931816688,0.6983695870424337,0.0014120181435683633,0.002178903869509543,0.7875421070216326,43428,11454
chexpert,medclip,mlp,race-cls,demographic,patient_balanced,accuracy,0.5756743279218008,0.5745623641086298,0.5767862917349719,0.0015544182265701128,,-0.7014260085936086,43428,11454
chexpert,medclip,mlp,race-cls,demographic,patient_balanced,precision,0.45711376180739316,0.4517586766199094,0.4624688469948769,0.007485892905563136,,0.6342149022305232,43428,11454
chexpert,medclip,mlp,race-cls,demographic,patient_balanced,recall,0.3353507181427632,0.33069223301374995,0.3400092032717764,0.006512113170385995,,0.7522870345621768,43428,11454
chexpert,medclip,mlp,race-cls,demographic,patient_balanced,f1,0.33559269077527204,0.32830477885710946,0.3428806026934346,0.010187798366318354,,1.0551155318283767,43428,11454
chexpert,medclip,mlp,race-cls,demographic,patient_balanced,roc,0.6974079136406004,0.6964086741819807,0.6984071530992201,0.0013968404446157094,,0.7923844598765495,43428,11454
chexpert,medclip,logistic_regression,disease,disease,per_radiograph,accuracy,0.8761236989960393,0.8759010627836438,0.8763463352084347,0.0003112239646137112,,0.0,43428,11454
chexpert,medclip,logistic_regression,disease,disease,per_radiograph,precision,0.7756045722853022,0.7749641344580717,0.7762450101125328,0.0008952703494848848,,0.0,43428,11454
chexpert,medclip,logistic_regression,disease,disease,per_radiograph,recall,0.7004797009770197,0.6998392984870698,0.7011201034669696,0.0008952209513726657,,0.0,43428,11454
chexpert,medclip,logistic_regression,disease,disease,per_radiograph,f1,0.7283326770099112,0.7277673170394494,0.728898036980373,0.0007903187426151862,,0.0,43428,11454
chexpert,medclip,logistic_regression,disease,disease,per_radiograph,roc,0.8917244771074646,0.8916601999093106,0.8917887543056187,8.985332722162689e-05,,0.0,43428,11454
chexpert,medclip,logistic_regression,disease,disease,one_per_patient,accuracy,0.8218468220708923,0.8214945845943235,0.8221990595474612,0.0004923940394232167,0.0017637379021558655,-5.427687692514693,43428,11454
chexpert,medclip,logistic_regression,disease,disease,one_per_patient,precision,0.7819166089793399,0.781147457470329,0.7826857604883508,0.001075199669664584,0.003092239412952572,0.6312036694037682,43428,11454
chexpert,medclip,logistic_regression,disease,disease,one_per_patient,recall,0.695227731966305,0.6945519091971738,0.6959035547354363,0.0009447350874421524,0.002361681440317281,-0.5251969010714674,43428,11454
chexpert,medclip,logistic_regression,disease,disease,one_per_patient,f1,0.7203952789334205,0.7197259576281962,0.7210646002386447,0.0009356466675883255,0.002589688466770823,-0.7937398076490743,43428,11454
chexpert,medclip,logistic_regression,disease,disease,one_per_patient,roc,0.8675709098386589,0.867455049380154,0.8676867702971638,0.00016196175298644348,0.0017905531869468162,-2.4153567268805687,43428,11454
chexpert,medclip,logistic_regression,disease,disease,patient_balanced,accuracy,0.8216449164525919,0.8213037951240062,0.8219860377811775,0.0004768547360485921,,-5.44787825434474,43428,11454
chexpert,medclip,logistic_regression,disease,disease,patient_balanced,precision,0.7817173399959018,0.7809528870100585,0.782481792981745,0.0010686315871754216,,0.6112767710599543,43428,11454
chexpert,medclip,logistic_regression,disease,disease,patient_balanced,recall,0.6948649710978818,0.6942198098453439,0.6955101323504197,0.0009018732427647457,,-0.5614729879137914,43428,11454
chexpert,medclip,logistic_regression,disease,disease,patient_balanced,f1,0.720030704087142,0.7193922834436539,0.72066912473063,0.0008924505210529314,,-0.8301972922769241,43428,11454
chexpert,medclip,logistic_regression,disease,disease,patient_balanced,roc,0.8675325682275984,0.867418288952274,0.8676468475029228,0.00015975141131337198,,-2.419190887986622,43428,11454
chexpert,medclip,random_forest,disease,disease,per_radiograph,accuracy,0.8533273464124527,0.8531090864999267,0.8535456063249787,0.0003051063192357905,,0.0,43428,11454
chexpert,medclip,random_forest,disease,disease,per_radiograph,precision,0.812316812581788,0.8101402238746792,0.8144934012888968,0.0030426612071377842,,0.0,43428,11454
chexpert,medclip,random_forest,disease,disease,per_radiograph,recall,0.5381584663305007,0.537275758028822,0.5390411746321794,0.0012339411198654569,,0.0,43428,11454
chexpert,medclip,random_forest,disease,disease,per_radiograph,f1,0.5329740044401959,0.5314027446233639,0.534545264257028,0.002196469767299205,,0.0,43428,11454
chexpert,medclip,random_forest,disease,disease,per_radiograph,roc,0.8551905307505094,0.8550719549513596,0.8553091065496593,0.00016575753747147346,,0.0,43428,11454
chexpert,medclip,random_forest,disease,disease,one_per_patient,accuracy,0.7686000960363192,0.7682224863183897,0.7689777057542486,0.0005278619871681691,0.0014538482498652778,-8.47272503761335,43428,11454
chexpert,medclip,random_forest,disease,disease,one_per_patient,precision,0.8009112077211806,0.7993806061615419,0.8024418092808193,0.002139633442867228,0.006959560799308189,-1.1405604860607377,43428,11454
chexpert,medclip,random_forest,disease,disease,one_per_patient,recall,0.5350283721768208,0.5341711889551348,0.5358855553985067,0.001198259518445087,0.0015416716188743557,-0.313009415367993,43428,11454
chexpert,medclip,random_forest,disease,disease,one_per_patient,f1,0.5019076386305199,0.5002938604068623,0.5035214168541775,0.0022559064016135786,0.0028542189775320353,-3.1066365809676033,43428,11454
chexpert,medclip,random_forest,disease,disease,one_per_patient,roc,0.8280505351512755,0.8278910433531547,0.8282100269493963,0.0002229541600643214,0.0019897512504944794,-2.713999559923397,43428,11454
chexpert,medclip,random_forest,disease,disease,patient_balanced,accuracy,0.7685427553916042,0.7681690738581544,0.7689164369250541,0.0005223707639106616,,-8.478459102084845,43428,11454
chexpert,medclip,random_forest,disease,disease,patient_balanced,precision,0.8016683447134481,0.8001171815600459,0.8032195078668503,0.0021683765689787444,,-1.064846786833995,43428,11454
chexpert,medclip,random_forest,disease,disease,patient_balanced,recall,0.5349975453771926,0.5341505768724647,0.5358445138819204,0.0011839803287531524,,-0.31609209533081106,43428,11454
chexpert,medclip,random_forest,disease,disease,patient_balanced,f1,0.5018055911424121,0.5002107125807158,0.5034004697041083,0.002229486495964944,,-3.116841329778386,43428,11454
chexpert,medclip,random_forest,disease,disease,patient_balanced,roc,0.8278444037916245,0.8276838559942444,0.8280049515890046,0.00022443034523901562,,-2.734612695888494,43428,11454
chexpert,medclip,xgboost,disease,disease,per_radiograph,accuracy,0.8681610942249239,0.8674433269368874,0.8688788615129605,0.0010033694817621478,,0.0,43428,11454
chexpert,medclip,xgboost,disease,disease,per_radiograph,precision,0.7550356591219652,0.7531333341793309,0.7569379840645996,0.002659266901192606,,0.0,43428,11454
chexpert,medclip,xgboost,disease,disease,per_radiograph,recall,0.6841166170950539,0.6826247743965104,0.6856084597935974,0.002085452291094238,,0.0,43428,11454
chexpert,medclip,xgboost,disease,disease,per_radiograph,f1,0.7100095027251517,0.7083752318542699,0.7116437735960336,0.0022845531471090736,,0.0,43428,11454
chexpert,medclip,xgboost,disease,disease,per_radiograph,roc,0.875942029908436,0.8752775178688141,0.8766065419480578,0.0009289237778500771,,0.0,43428,11454
chexpert,medclip,xgboost,disease,disease,one_per_patient,accuracy,0.8111030207787671,0.8101172850960137,0.8120887564615205,0.0013779634676084533,0.0015131692228422457,-5.705807344615687,43428,11454
chexpert,medclip,xgboost,disease,disease,one_per_patient,precision,0.7639264976279845,0.7619984095089994,0.7658545857469695,0.002695281338370855,0.0024383563374282234,0.8890838506019239,43428,11454
chexpert,medclip,xgboost,disease,disease,one_per_patient,recall,0.6764019768729753,0.6747168220010356,0.6780871317449151,0.002355684075785339,0.0020598769011140232,-0.7714640222078573,43428,11454
chexpert,medclip,xgboost,disease,disease,one_per_patient,f1,0.6998973516495701,0.6980692183036955,0.7017254849954447,0.0025555542003873827,0.0022784807132467185,-1.011215107558161,43428,11454
chexpert,medclip,xgboost,disease,disease,one_per_patient,roc,0.8512052504325108,0.8502459179020404,0.8521645829629813,0.0013410544057654772,0.0017551576874941632,-2.473677947592512,43428,11454
chexpert,medclip,xgboost,disease,disease,patient_balanced,accuracy,0.8109787272708802,0.8100281430395551,0.8119293115022053,0.001328825126825024,,-5.718236695404377,43428,11454
chexpert,medclip,xgboost,disease,disease,patient_balanced,precision,0.7638725846204772,0.7620024506517786,0.7657427185891759,0.002614267022577844,,0.8836925498512005,43428,11454
chexpert,medclip,xgboost,disease,disease,patient_balanced,recall,0.6761431288425296,0.6745160403061322,0.677770217378927,0.002274512935818255,,-0.7973488252524308,43428,11454
chexpert,medclip,xgboost,disease,disease,patient_balanced,f1,0.6996442218409805,0.697880427424575,0.701408016257386,0.0024656145787376573,,-1.0365280884171213,43428,11454
chexpert,medclip,xgboost,disease,disease,patient_balanced,roc,0.8511290878340863,0.850182145606683,0.8520760300614895,0.0013237339564017177,,-2.4812942074349698,43428,11454
chexpert,medclip,mlp,disease,disease,per_radiograph,accuracy,0.8807244174265451,0.8801867470800151,0.881262087773075,0.0007516113174124834,,0.0,43428,11454
chexpert,medclip,mlp,disease,disease,per_radiograph,precision,0.7970224148116473,0.7915485347115686,0.8024962949117259,0.007651956742510063,,0.0,43428,11454
chexpert,medclip,mlp,disease,disease,per_radiograph,recall,0.6929987435770334,0.6820601700225642,0.7039373171315025,0.015291071439865958,,0.0,43428,11454
chexpert,medclip,mlp,disease,disease,per_radiograph,f1,0.726963237880849,0.7187484633848746,0.7351780123768235,0.011483462908105731,,0.0,43428,11454
chexpert,medclip,mlp,disease,disease,per_radiograph,roc,0.8990059726772264,0.8985766242271912,0.8994353211272615,0.0006001877474601757,,0.0,43428,11454
chexpert,medclip,mlp,disease,disease,one_per_patient,accuracy,0.8245864763401431,0.8221217959925403,0.827051156687746,0.003445385550863811,0.0015898356556142486,-5.613794108640191,43428,11454
chexpert,medclip,mlp,disease,disease,one_per_patient,precision,0.7982851235365783,0.7951922474847046,0.801377999588452,0.004323542592491801,0.002685497044959963,0.1262708724931061,43428,11454
chexpert,medclip,mlp,disease,disease,one_per_patient,recall,0.688344801463711,0.6779503914533144,0.6987392114741077,0.014530383258180275,0.002168906238042116,-0.46539421133223735,43428,11454
chexpert,medclip,mlp,disease,disease,one_per_patient,f1,0.7158472518915104,0.7059919177313745,0.7257025860516464,0.013776807182031362,0.0024479759269099696,-1.1115985989338606,43428,11454
chexpert,medclip,mlp,disease,disease,one_per_patient,roc,0.8760280664377682,0.8752867515804913,0.8767693812950451,0.0010362867137665899,0.0017110752032440549,-2.297790623945817,43428,11454
chexpert,medclip,mlp,disease,disease,patient_balanced,accuracy,0.8245463575765891,0.8220855600895083,0.82700715506367,0.003439957686130038,,-5.617805984995594,43428,11454
chexpert,medclip,mlp,disease,disease,patient_balanced,precision,0.7983605844941237,0.7952730011619618,0.8014481678262857,0.0043161438805097985,,0.13381696824764644,43428,11454
chexpert,medclip,mlp,disease,disease,patient_balanced,recall,0.6882837901186877,0.6779075325304138,0.6986600477069616,0.01450500792179821,,-0.47149534583457164,43428,11454
chexpert,medclip,mlp,disease,disease,patient_balanced,f1,0.7157992319923568,0.7059571543143602,0.7256413096703535,0.013758275897817333,,-1.11640058884922,43428,11454
chexpert,medclip,mlp,disease,disease,patient_balanced,roc,0.8759902270157761,0.8752591566132076,0.8767212974183446,0.0010219659535661758,,-2.301574566145026,43428,11454
chexpert,biomedclip,logistic_regression,gender,demographic,per_radiograph,accuracy,0.8496062448190107,0.849165884594812,0.8500466050432094,0.0006155811462955383,,0.0,43428,11454
chexpert,biomedclip,logistic_regression,gender,demographic,per_radiograph,precision,0.8459053899175494,0.8455030508070265,0.8463077290280723,0.0005624312943019347,,0.0,43428,11454
chexpert,biomedclip,logistic_regression,gender,demographic,per_radiograph,recall,0.8392579501643382,0.8386867890809072,0.8398291112477693,0.00079842813936612,,0.0,43428,11454
chexpert,biomedclip,logistic_regression,gender,demographic,per_radiograph,f1,0.8421491282530933,0.8416491055801762,0.8426491509260103,0.0006989834986303059,,0.0,43428,11454
chexpert,biomedclip,logistic_regression,gender,demographic,per_radiograph,roc,0.921537258784508,0.9212025468173366,0.9218719707516794,0.00046789506660174465,,0.0,43428,11454
chexpert,biomedclip,logistic_regression,gender,demographic,one_per_patient,accuracy,0.8504503230312555,0.8499231563438877,0.8509774897186232,0.0007369282143706919,0.001848708911518061,0.08440782122447477,43428,11454
chexpert,biomedclip,logistic_regression,gender,demographic,one_per_patient,precision,0.8516786327553051,0.8511901976798051,0.8521670678308051,0.0006827851543910745,0.0019069367635502496,0.577324283775571,43428,11454
chexpert,biomedclip,logistic_regression,gender,demographic,one_per_patient,recall,0.8452380607899777,0.8446521845316017,0.8458239370483536,0.000818998535516303,0.0018900970425263417,0.5980110625639412,43428,11454
chexpert,biomedclip,logistic_regression,gender,demographic,one_per_patient,f1,0.8475074810572449,0.8469495476460542,0.8480654144684356,0.0007799371286139029,0.0018908938144660294,0.5358352804151645,43428,11454
chexpert,biomedclip,logistic_regression,gender,demographic,one_per_patient,roc,0.925562217278293,0.9252628336660123,0.9258616008905738,0.0004185094318298467,0.0013287549028140283,0.4024958493785036,43428,11454
chexpert,biomedclip,logistic_regression,gender,demographic,patient_balanced,accuracy,0.8504589982488231,0.8499368523633366,0.8509811441343096,0.0007299096173051385,,0.08527534298123918,43428,11454
chexpert,biomedclip,logistic_regression,gender,demographic,patient_balanced,precision,0.8516857653858348,0.851202227318318,0.8521693034533517,0.0006759396092623748,,0.578037546828547,43428,11454
chexpert,biomedclip,logistic_regression,gender,demographic,patient_balanced,recall,0.8452444187716971,0.8446638115835814,0.8458250259598128,0.0008116328831878738,,0.5986468607358852,43428,11454
chexpert,biomedclip,logistic_regression,gender,demographic,patient_balanced,f1,0.8475159648250725,0.8469632364601727,0.8480686931899724,0.0007726609756232655,,0.5366836571979228,43428,11454
chexpert,biomedclip,logistic_regression,gender,demographic,patient_balanced,roc,0.9255790180725123,0.9252792078930605,0.9258788282519641,0.00041910573161733764,,0.40417592880043207,43428,11454
chexpert,biomedclip,random_forest,gender,demographic,per_radiograph,accuracy,0.717025881919499,0.7164931942431962,0.7175585695958018,0.000744646024723512,,0.0,43428,11454
chexpert,biomedclip,random_forest,gender,demographic,per_radiograph,precision,0.7227602514224025,0.7223226621913498,0.7231978406534553,0.0006117075649785282,,0.0,43428,11454
chexpert,biomedclip,random_forest,gender,demographic,per_radiograph,recall,0.6755021800958037,0.6745042878436707,0.6765000723479366,0.0013949571798070686,,0.0,43428,11454
chexpert,biomedclip,random_forest,gender,demographic,per_radiograph,f1,0.678984018845154,0.6778326776912227,0.6801353599990854,0.0016094639532985148,,0.0,43428,11454
chexpert,biomedclip,random_forest,gender,demographic,per_radiograph,roc,0.789942284801033,0.7896023138525394,0.7902822557495266,0.0004752466155672094,,0.0,43428,11454
chexpert,biomedclip,random_forest,gender,demographic,one_per_patient,accuracy,0.6952293085385018,0.6946238560318977,0.695834761045106,0.0008463642435486864,0.002244816993662726,-2.1796573380997164,43428,11454
chexpert,biomedclip,random_forest,gender,demographic,one_per_patient,precision,0.7209430217580823,0.7203170824615289,0.7215689610546357,0.0008750028011383509,0.002764298947205345,-0.18172296643201857,43428,11454
chexpert,biomedclip,random_forest,gender,demographic,one_per_patient,recall,0.6715426247842582,0.6707346713550517,0.6723505782134647,0.0011294410139092246,0.0023518341789341645,-0.39595553115454596,43428,11454
chexpert,biomedclip,random_forest,gender,demographic,one_per_patient,f1,0.6663504014368606,0.66527980118596,0.6674210016877613,0.001496595953626146,0.0026349852284661595,-1.2633617408293385,43428,11454
chexpert,biomedclip,random_forest,gender,demographic,one_per_patient,roc,0.788751633482638,0.7884060647732047,0.7890972021920712,0.00048307174578240725,0.002414749579248088,-0.11906513183950196,43428,11454
chexpert,biomedclip,random_forest,gender,demographic,patient_balanced,accuracy,0.6953994523095216,0.6947849472047128,0.6960139574143304,0.0008590189032421488,,-2.1626429609977404,43428,11454
chexpert,biomedclip,random_forest,gender,demographic,patient_balanced,precision,0.7211206417499283,0.7205140500271324,0.7217272334727242,0.0008479567579735823,,-0.16396096724742293,43428,11454
chexpert,biomedclip,random_forest,gender,demographic,patient_balanced,recall,0.671724736695605,0.6709048405966654,0.6725446327945445,0.0011461357150200436,,-0.3777443400198699,43428,11454
chexpert,biomedclip,random_forest,gender,demographic,patient_balanced,f1,0.6665601204945616,0.6654759575332481,0.6676442834558751,0.0015155553154486768,,-1.2423898350592433,43428,11454
chexpert,biomedclip,random_forest,gender,demographic,patient_balanced,roc,0.7887714304797392,0.7884305201657079,0.7891123407937705,0.00047655975804174487,,-0.11708543212938238,43428,11454
chexpert,biomedclip,xgboost,gender,demographic,per_radiograph,accuracy,0.7856751404623745,0.784941141946692,0.7864091389780571,0.0010260591734533545,,0.0,43428,11454
chexpert,biomedclip,xgboost,gender,demographic,per_radiograph,precision,0.7788037654888897,0.7780930963319578,0.7795144346458217,0.0009934469786799455,,0.0,43428,11454
chexpert,biomedclip,xgboost,gender,demographic,per_radiograph,recall,0.7711002955767213,0.77013728608852,0.7720633050649227,0.0013461944382446508,,0.0,43428,11454
chexpert,biomedclip,xgboost,gender,demographic,per_radiograph,f1,0.7741876398007145,0.7733152641100676,0.7750600154913614,0.0012194971256224354,,0.0,43428,11454
chexpert,biomedclip,xgboost,gender,demographic,per_radiograph,roc,0.8605409617473192,0.8598122114082487,0.8612697120863897,0.0010187227284311998,,0.0,43428,11454
chexpert,biomedclip,xgboost,gender,demographic,one_per_patient,accuracy,0.783070281124498,0.7817219363401312,0.7844186259088647,0.001884856039103884,0.00170736545816166,-0.2604859337876575,43428,11454
chexpert,biomedclip,xgboost,gender,demographic,one_per_patient,precision,0.7836811696299937,0.7823750336381481,0.7849873056218393,0.0018258522157426193,0.0017677971374922819,0.4877404141103936,43428,11454
chexpert,biomedclip,xgboost,gender,demographic,one_per_patient,recall,0.7756508216692127,0.7741953614004385,0.7771062819379869,0.0020345931612462584,0.0017552411192826045,0.45505260924914026,43428,11454
chexpert,biomedclip,xgboost,gender,demographic,one_per_patient,f1,0.7779196812646945,0.7764819561071783,0.7793574064222106,0.0020098011852276794,0.001763919405465428,0.3732041463979985,43428,11454
chexpert,biomedclip,xgboost,gender,demographic,one_per_patient,roc,0.8655489956903442,0.8645100221332901,0.8665879692473982,0.0014523848841838957,0.0017591585187948953,0.5008033943024959,43428,11454
chexpert,biomedclip,xgboost,gender,demographic,patient_balanced,accuracy,0.7829712631658704,0.7816039399207454,0.7843385864109954,0.0019113860978749678,,-0.270387729650412,43428,11454
chexpert,biomedclip,xgboost,gender,demographic,patient_balanced,precision,0.7835736770733726,0.7822443473080589,0.7849030068386862,0.001858274875360391,,0.4769911584482811,43428,11454
chexpert,biomedclip,xgboost,gender,demographic,patient_balanced,recall,0.7755496790907703,0.7740771457930742,0.7770222123884665,0.0020584596099783785,,0.4449383514048999,43428,11454
chexpert,biomedclip,xgboost,gender,demographic,patient_balanced,f1,0.7778189979171162,0.7763632711890421,0.7792747246451902,0.0020349656456630444,,0.3631358116401695,43428,11454
chexpert,biomedclip,xgboost,gender,demographic,patient_balanced,roc,0.8654633252435951,0.8643983069105549,0.8665283435766354,0.0014887929705087286,,0.492236349627595,43428,11454
chexpert,biomedclip,mlp,gender,demographic,per_radiograph,accuracy,0.8238348530901722,0.8228562895528272,0.8248134166275173,0.0013679374996639288,,0.0,43428,11454
chexpert,biomedclip,mlp,gender,demographic,per_radiograph,precision,0.8197866229197492,0.8189068193872314,0.8206664264522671,0.0012298805325745355,,0.0,43428,11454
chexpert,biomedclip,mlp,gender,demographic,per_radiograph,recall,0.8106573798434555,0.8087079468516898,0.8126068128352213,0.0027251194130465954,,0.0,43428,11454
chexpert,biomedclip,mlp,gender,demographic,per_radiograph,f1,0.8143212240719174,0.8129559273447315,0.8156865207991033,0.0019085532211359482,,0.0,43428,11454
chexpert,biomedclip,mlp,gender,demographic,per_radiograph,roc,0.9006380146812198,0.9000955662433247,0.901180463119115,0.000758290628571925,,0.0,43428,11454
chexpert,biomedclip,mlp,gender,demographic,one_per_patient,accuracy,0.8258588702636633,0.8241732081962048,0.8275445323311219,0.0023563930862310714,0.0018339323973224101,0.20240171734910994,43428,11454
chexpert,biomedclip,mlp,gender,demographic,one_per_patient,precision,0.827993155837191,0.8267090044608749,0.8292773072135071,0.0017951198423700918,0.0018856301262208147,0.8206532917441778,43428,11454
chexpert,biomedclip,mlp,gender,demographic,one_per_patient,recall,0.8191331258437244,0.8169340198810904,0.8213322318063585,0.003074138159882203,0.001892991659699559,0.8475746000268902,43428,11454
chexpert,biomedclip,mlp,gender,demographic,one_per_patient,f1,0.8218150055514591,0.8198631186411741,0.8237668924617442,0.0027285497545987978,0.0018939279057016598,0.7493781479541717,43428,11454
chexpert,biomedclip,mlp,gender,demographic,one_per_patient,roc,0.9078424364295554,0.907219998566899,0.9084648742922118,0.0008701081340599347,0.0014988788971993293,0.7204421748335577,43428,11454
chexpert,biomedclip,mlp,gender,demographic,patient_balanced,accuracy,0.8258364962345194,0.824174063157091,0.8274989293119478,0.0023239211972541276,,0.20016431443471427,43428,11454
chexpert,biomedclip,mlp,gender,demographic,patient_balanced,precision,0.827965305621238,0.8267017474177999,0.8292288638246762,0.0017663325717006456,,0.8178682701488804,43428,11454
chexpert,biomedclip,mlp,gender,demographic,patient_balanced,recall,0.8191100921920228,0.8169344372853798,0.8212857470986658,0.0030413558440973015,,0.845271234856726,43428,11454
chexpert,biomedclip,mlp,gender,demographic,patient_balanced,f1,0.8217929016811303,0.8198646920002671,0.8237211113619934,0.0026954512701589,,0.7471677609212857,43428,11454
chexpert,biomedclip,mlp,gender,demographic,patient_balanced,roc,0.9077673326151535,0.907135785308583,0.9083988799217241,0.000882842258575814,,0.7129317933933677,43428,11454
chexpert,biomedclip,logistic_regression,age_decile,demographic,per_radiograph,accuracy,0.5234825458229715,0.5228808237241878,0.5240842679217552,0.0008411494929966483,,0.0,43428,11454
chexpert,biomedclip,logistic_regression,age_decile,demographic,per_radiograph,precision,0.5574211819431786,0.5565200624474912,0.558322301438866,0.00125967819440057,,0.0,43428,11454
chexpert,biomedclip,logistic_regression,age_decile,demographic,per_radiograph,recall,0.46967999465396887,0.4690047968282231,0.47035519247971463,0.0009438614768286979,,0.0,43428,11454
chexpert,biomedclip,logistic_regression,age_decile,demographic,per_radiograph,f1,0.49191460592198766,0.4912182086389018,0.4926110032050735,0.0009734962747353255,,0.0,43428,11454
chexpert,biomedclip,logistic_regression,age_decile,demographic,per_radiograph,roc,0.7770952036364254,0.7767196083653362,0.7774707989075146,0.000525045984661657,,0.0,43428,11454
chexpert,biomedclip,logistic_regression,age_decile,demographic,one_per_patient,accuracy,0.5361672341540074,0.5355316081681308,0.5368028601398839,0.0008885438590940841,0.0025925720863316233,1.2684688331035865,43428,11454
chexpert,biomedclip,logistic_regression,age_decile,demographic,one_per_patient,precision,0.5811647966490031,0.5803606199654875,0.5819689733325187,0.0011241614874809805,0.0032999040573779012,2.3743614705824534,43428,11454
chexpert,biomedclip,logistic_regression,age_decile,demographic,one_per_patient,recall,0.49803422164541467,0.49743737407104066,0.49863106921978867,0.0008343353777362594,0.0027876359561271337,2.83542269914458,43428,11454
chexpert,biomedclip,logistic_regression,age_decile,demographic,one_per_patient,f1,0.5189733874615426,0.5184222147379919,0.5195245601850934,0.0007704863389684037,0.002975054162834736,2.705878153955499,43428,11454
chexpert,biomedclip,logistic_regression,age_decile,demographic,one_per_patient,roc,0.7976314072775709,0.7973341208136248,0.797928693741517,0.0004155778206060706,0.0013978974272952644,2.05362036411455,43428,11454
chexpert,biomedclip,logistic_regression,age_decile,demographic,patient_balanced,accuracy,0.5360826266626517,0.5354588884085029,0.5367063649168006,0.0008719259560192949,,1.2600080839680228,43428,11454
chexpert,biomedclip,logistic_regression,age_decile,demographic,patient_balanced,precision,0.5810602508544982,0.5802878917232313,0.5818326099857651,0.001079683616389909,,2.3639068911319616,43428,11454
chexpert,biomedclip,logistic_regression,age_decile,demographic,patient_balanced,recall,0.49786592797500634,0.4972642076688404,0.4984676482811723,0.0008411469870897737,,2.818593332103747,43428,11454
chexpert,biomedclip,logistic_regression,age_decile,demographic,patient_balanced,f1,0.5188090916779285,0.5182540045675805,0.5193641787882766,0.0007759582743961148,,2.689448575594089,43428,11454
chexpert,biomedclip,logistic_regression,age_decile,demographic,patient_balanced,roc,0.7976594124585669,0.7973621039222764,0.7979567209948574,0.00041560867561598604,,2.0564208822141494,43428,11454
chexpert,biomedclip,random_forest,age_decile,demographic,per_radiograph,accuracy,0.42734180712904124,0.426715851967355,0.42796776229072747,0.0008750249790647018,,0.0,43428,11454
chexpert,biomedclip,random_forest,age_decile,demographic,per_radiograph,precision,0.42259148785526823,0.36627593325892405,0.4789070424516124,0.0787237169655032,,0.0,43428,11454
chexpert,biomedclip,random_forest,age_decile,demographic,per_radiograph,recall,0.29719170322959537,0.2965443487596325,0.29783905769955826,0.0009049391493166361,,0.0,43428,11454
chexpert,biomedclip,random_forest,age_decile,demographic,per_radiograph,f1,0.24365659398980374,0.2425283261701231,0.2447848618094844,0.0015772096560972108,,0.0,43428,11454
chexpert,biomedclip,random_forest,age_decile,demographic,per_radiograph,roc,0.6953701835805692,0.6950823935005168,0.6956579736606217,0.0004023027912965378,,0.0,43428,11454
chexpert,biomedclip,random_forest,age_decile,demographic,one_per_patient,accuracy,0.43046752226296486,0.4296274154723065,0.43130762905362324,0.0011743883138972064,0.001677494560910245,0.31257151339236233,43428,11454
chexpert,biomedclip,random_forest,age_decile,demographic,one_per_patient,precision,0.42152238414953896,0.3915518580180847,0.45149291028099325,0.0418959066174763,0.013534814366143658,-0.10691037057292685,43428,11454
chexpert,biomedclip,random_forest,age_decile,demographic,one_per_patient,recall,0.31882197237004706,0.3179142504938707,0.31972969424622344,0.0012689076859085894,0.0014610894044896653,2.163026914045169,43428,11454
chexpert,biomedclip,random_forest,age_decile,demographic,one_per_patient,f1,0.27042985243057127,0.2690464204196644,0.2718132844414781,0.0019339045996843837,0.001930866203796827,2.6773258440767527,43428,11454
chexpert,biomedclip,random_forest,age_decile,demographic,one_per_patient,roc,0.72111536447629,0.720839059511685,0.721391669440895,0.00038624770697254777,0.0015366639352732002,2.5745180895720754,43428,11454
chexpert,biomedclip,random_forest,age_decile,demographic,patient_balanced,accuracy,0.4305312022170832,0.42971321415061164,0.43134919028355473,0.00114346846954862,,0.31893950880419464,43428,11454
chexpert,biomedclip,random_forest,age_decile,demographic,patient_balanced,precision,0.4330396551927711,0.37657303614137916,0.48950627424416304,0.07893489051227855,,1.0448167337502867,43428,11454
chexpert,biomedclip,random_forest,age_decile,demographic,patient_balanced,recall,0.31890394879581996,0.3180119164361585,0.3197959811554814,0.0012469752541621082,,2.171224556622459,43428,11454
chexpert,biomedclip,random_forest,age_decile,demographic,patient_balanced,f1,0.27045371326970064,0.26908264806589105,0.2718247784735102,0.0019166169954217705,,2.6797119279896893,43428,11454
chexpert,biomedclip,random_forest,age_decile,demographic,patient_balanced,roc,0.7211607058321784,0.7208928437997614,0.7214285678645954,0.0003744453016035868,,2.579052225160916,43428,11454
chexpert,biomedclip,xgboost,age_decile,demographic,per_radiograph,accuracy,0.47561711338307083,0.47452968280597835,0.4767045439601633,0.0015201231273361216,,0.0,43428,11454
chexpert,biomedclip,xgboost,age_decile,demographic,per_radiograph,precision,0.4948319014444459,0.4932071745723762,0.4964566283165156,0.002271211556733298,,0.0,43428,11454
chexpert,biomedclip,xgboost,age_decile,demographic,per_radiograph,recall,0.4174596234701136,0.41620541713761455,0.4187138298026127,0.0017532595575718154,,0.0,43428,11454
chexpert,biomedclip,xgboost,age_decile,demographic,per_radiograph,f1,0.43400632414909157,0.4326391262491548,0.43537352204902835,0.0019112108773841068,,0.0,43428,11454
chexpert,biomedclip,xgboost,age_decile,demographic,per_radiograph,roc,0.7312695587647297,0.7306655708185135,0.7318735467109458,0.0008443169292979408,,0.0,43428,11454
chexpert,biomedclip,xgboost,age_decile,demographic,one_per_patient,accuracy,0.4865318229439497,0.48519964892458456,0.48786399696331484,0.0018622508683614686,0.0019119816654848691,1.0914709560878866,43428,11454
chexpert,biomedclip,xgboost,age_decile,demographic,one_per_patient,precision,0.5202314297948061,0.5183806162350916,0.5220822433545206,0.002587258953147872,0.0022953898866807307,2.539952835036019,43428,11454
chexpert,biomedclip,xgboost,age_decile,demographic,one_per_patient,recall,0.44533715437622884,0.44394345148271264,0.44673085726974504,0.0019482623035429164,0.0019879182309688543,2.787753090611522,43428,11454
chexpert,biomedclip,xgboost,age_decile,demographic,one_per_patient,f1,0.4619617651758004,0.46051425016177044,0.46340928018983035,0.0020234864609716147,0.0020884637513211217,2.795544102670883,43428,11454
chexpert,biomedclip,xgboost,age_decile,demographic,one_per_patient,roc,0.754285950592924,0.753434518393112,0.755137382792736,0.0011902201442169273,0.0014225856727603508,2.301639182819437,43428,11454
chexpert,biomedclip,xgboost,age_decile,demographic,patient_balanced,accuracy,0.4866494033559651,0.48537427737810307,0.4879245293338272,0.001782503205306099,,1.1032289972894294,43428,11454
chexpert,biomedclip,xgboost,age_decile,demographic,patient_balanced,precision,0.5202721954282834,0.5184292942602493,0.5221150965963175,0.002576198192268691,,2.5440293983837514,43428,11454
chexpert,biomedclip,xgboost,age_decile,demographic,patient_balanced,recall,0.4454454827700304,0.4440886338254038,0.44680233171465694,0.0018967440354153195,,2.7985859299916758,43428,11454
chexpert,biomedclip,xgboost,age_decile,demographic,patient_balanced,f1,0.46205607602338716,0.4606375982500087,0.4634745537967656,0.0019828951974940126,,2.804975187429559,43428,11454
chexpert,biomedclip,xgboost,age_decile,demographic,patient_balanced,roc,0.7543195700715987,0.7534664251447013,0.755172714998496,0.0011926143715893683,,2.305001130686901,43428,11454
chexpert,biomedclip,mlp,age_decile,demographic,per_radiograph,accuracy,0.5024845721654232,0.5018068503052013,0.503162294025645,0.000947389833729915,,0.0,43428,11454
chexpert,biomedclip,mlp,age_decile,demographic,per_radiograph,precision,0.5378146803021789,0.534074260385892,0.5415551002184659,0.005228746496993888,,0.0,43428,11454
chexpert,biomedclip,mlp,age_decile,demographic,per_radiograph,recall,0.4469889726647035,0.44263780673705977,0.45134013859234723,0.006082510549936076,,0.0,43428,11454
chexpert,biomedclip,mlp,age_decile,demographic,per_radiograph,f1,0.46578925008067057,0.46250810043046847,0.46907039973087267,0.004586730934915453,,0.0,43428,11454
chexpert,biomedclip,mlp,age_decile,demographic,per_radiograph,roc,0.7589044114283017,0.7587364679018646,0.7590723549547388,0.00023476886157279954,,0.0,43428,11454
chexpert,biomedclip,mlp,age_decile,demographic,one_per_patient,accuracy,0.5146573249519818,0.5135528859510967,0.5157617639528669,0.0015438992643247993,0.002386553186424911,1.2172752786558605,43428,11454
chexpert,biomedclip,mlp,age_decile,demographic,one_per_patient,precision,0.5592163694184934,0.5554159756520891,0.5630167631848977,0.005312584158467983,0.0028848285659186772,2.140168911631446,43428,11454
chexpert,biomedclip,mlp,age_decile,demographic,one_per_patient,recall,0.47692971010775365,0.4722954625894594,0.48156395762604787,0.006478231326908816,0.002490230771509896,2.9940737443050147,43428,11454
chexpert,biomedclip,mlp,age_decile,demographic,one_per_patient,f1,0.4937436938361994,0.49036496330206775,0.4971224243703311,0.004723139604647545,0.0026481138659370553,2.7954443755528855,43428,11454
chexpert,biomedclip,mlp,age_decile,demographic,one_per_patient,roc,0.7798941910194008,0.7796104416796892,0.7801779403591125,0.0003966542257946515,0.0014130978002058097,2.0989779591099156,43428,11454
chexpert,biomedclip,mlp,age_decile,demographic,patient_balanced,accuracy,0.5147028462135195,0.5136041661706372,0.5158015262564017,0.0015358487961534804,,1.2218274048096278,43428,11454
chexpert,biomedclip,mlp,age_decile,demographic,patient_balanced,precision,0.5591925905314895,0.5554027065315759,0.5629824745314032,0.005297892517969769,,2.137791022931057,43428,11454
chexpert,biomedclip,mlp,age_decile,demographic,patient_balanced,recall,0.4769535284834855,0.4723072327131807,0.4815998242537903,0.006495073621866342,,2.996455581878199,43428,11454
chexpert,biomedclip,mlp,age_decile,demographic,patient_balanced,f1,0.4937498342274438,0.4903771346217405,0.4971225338331471,0.004714708948037042,,2.7960584146773213,43428,11454
chexpert,biomedclip,mlp,age_decile,demographic,patient_balanced,roc,0.7799190638902872,0.7796391480936417,0.7801989796869327,0.00039129530211046067,,2.101465246198553,43428,11454
chexpert,biomedclip,logistic_regression,race-bin,demographic,per_radiograph,accuracy,0.6369508151423044,0.6365421137004307,0.6373595165841782,0.0005713252202536494,,0.0,43428,11454
chexpert,biomedclip,logistic_regression,race-bin,demographic,per_radiograph,precision,0.6324515376631075,0.6319953820495264,0.6329076932766885,0.0006376615781052754,,0.0,43428,11454
chexpert,biomedclip,logistic_regression,race-bin,demographic,per_radiograph,recall,0.6255711394164465,0.625130373647068,0.626011905185825,0.0006161480593655808,,0.0,43428,11454
chexpert,biomedclip,logistic_regression,race-bin,demographic,per_radiograph,f1,0.6254321688905747,0.6249466217260319,0.6259177160551176,0.0006787481332440788,,0.0,43428,11454
chexpert,biomedclip,logistic_regression,race-bin,demographic,per_radiograph,roc,0.6804988826986251,0.6798951758103786,0.6811025895868716,0.000843924037348054,,0.0,43428,11454
chexpert,biomedclip,logistic_regression,race-bin,demographic,one_per_patient,accuracy,0.63878793434608,0.6381838031936684,0.6393920654984917,0.000844517117755401,0.002292565502547847,0.18371192037756057,43428,11454
chexpert,biomedclip,logistic_regression,race-bin,demographic,one_per_patient,precision,0.6358212624613508,0.6351903099156392,0.6364522150070625,0.0008820108402251524,0.0024007276898332904,0.33697247982433787,43428,11454
chexpert,biomedclip,logistic_regression,race-bin,demographic,one_per_patient,recall,0.6303608396349591,0.6297134764286325,0.6310082028412858,0.0009049513619111098,0.002337273947202803,0.478970021851266,43428,11454
chexpert,biomedclip,logistic_regression,race-bin,demographic,one_per_patient,f1,0.6302412801928151,0.6295617383463917,0.6309208220392385,0.000949933999007811,0.0023856777239389974,0.48091113022403764,43428,11454
chexpert,biomedclip,logistic_regression,race-bin,demographic,one_per_patient,roc,0.6842465586500304,0.6837477744437872,0.6847453428562735,0.0006972522415981872,0.0023627221918037797,0.3747675951405238,43428,11454
chexpert,biomedclip,logistic_regression,race-bin,demographic,patient_balanced,accuracy,0.6388895149063097,0.638276451363104,0.6395025784495155,0.0008570037390758867,,0.19386997640052916,43428,11454
chexpert,biomedclip,logistic_regression,race-bin,demographic,patient_balanced,precision,0.6359267237432489,0.6352862440506113,0.6365672034358865,0.0008953288732883595,,0.34751860801414125,43428,11454
chexpert,biomedclip,logistic_regression,race-bin,demographic,patient_balanced,recall,0.6304589296158551,0.6298036985974729,0.6311141606342374,0.000915949804771971,,0.4887790199408659,43428,11454
chexpert,biomedclip,logistic_regression,race-bin,demographic,patient_balanced,f1,0.6303420736386214,0.6296549313620347,0.6310292159152081,0.0009605586677567458,,0.4909904748046645,43428,11454
chexpert,biomedclip,logistic_regression,race-bin,demographic,patient_balanced,roc,0.6843599018963602,0.6838691896438371,0.6848506141488833,0.0006859684283681144,,0.38610191977350716,43428,11454
chexpert,biomedclip,random_forest,race-bin,demographic,per_radiograph,accuracy,0.5981555678364188,0.5973366523017409,0.5989744833710966,0.0011447649807006844,,0.0,43428,11454
chexpert,biomedclip,random_forest,race-bin,demographic,per_radiograph,precision,0.5988386547829068,0.5974806401965108,0.6001966693693027,0.0018983734902505436,,0.0,43428,11454
chexpert,biomedclip,random_forest,race-bin,demographic,per_radiograph,recall,0.571895835072173,0.5709954932743578,0.5727961768699882,0.001258591047738915,,0.0,43428,11454
chexpert,biomedclip,random_forest,race-bin,demographic,per_radiograph,f1,0.5536836906551251,0.552132287403686,0.5552350939065642,0.002168712202890701,,0.0,43428,11454
chexpert,biomedclip,random_forest,race-bin,demographic,per_radiograph,roc,0.6282885715693702,0.6275791570260117,0.6289979861127287,0.000991693149838695,,0.0,43428,11454
chexpert,biomedclip,random_forest,race-bin,demographic,one_per_patient,accuracy,0.5982188318491357,0.5971992065338289,0.5992384571644426,0.001425337907234107,0.0019992653404424018,0.006326401271694593,43428,11454
chexpert,biomedclip,random_forest,race-bin,demographic,one_per_patient,precision,0.6071028977681475,0.6055501882007459,0.6086556073355491,0.0021705383066882053,0.002849926018317084,0.8264242985240755,43428,11454
chexpert,biomedclip,random_forest,race-bin,demographic,one_per_patient,recall,0.5748730173102102,0.5737557132987556,0.5759903213216648,0.0015618833090189747,0.002043229800240192,0.29771822380372237,43428,11454
chexpert,biomedclip,random_forest,race-bin,demographic,one_per_patient,f1,0.5524293246669624,0.5507197869907752,0.5541388623431496,0.0023897688858197097,0.002380083984625945,-0.12543659881627534,43428,11454
chexpert,biomedclip,random_forest,race-bin,demographic,one_per_patient,roc,0.6381297008764402,0.6376448821784323,0.638614519574448,0.0006777298072463676,0.0025742818861227918,0.9841129307069929,43428,11454
chexpert,biomedclip,random_forest,race-bin,demographic,patient_balanced,accuracy,0.5981801026623497,0.597155874935121,0.5992043303895783,0.0014317716354657337,,0.002453482593089973,43428,11454
chexpert,biomedclip,random_forest,race-bin,demographic,patient_balanced,precision,0.6070130410935647,0.6054680353703331,0.6085580468167963,0.002159769075126202,,0.8174386310657922,43428,11454
chexpert,biomedclip,random_forest,race-bin,demographic,patient_balanced,recall,0.5748464198576849,0.5737220417962654,0.5759707979191044,0.0015717721489891042,,0.29505847855119116,43428,11454
chexpert,biomedclip,random_forest,race-bin,demographic,patient_balanced,f1,0.5524351669818828,0.5507192463938607,0.5541510875699048,0.002398691581304274,,-0.12485236732423521,43428,11454
chexpert,biomedclip,random_forest,race-bin,demographic,patient_balanced,roc,0.6381056227075056,0.6376166365659113,0.6385946088490999,0.0006835554916726196,,0.9817051138135358,43428,11454
chexpert,biomedclip,xgboost,race-bin,demographic,per_radiograph,accuracy,0.6066869300911855,0.6055404593345828,0.6078334008477881,0.0016026556072995313,,0.0,43428,11454
chexpert,biomedclip,xgboost,race-bin,demographic,per_radiograph,precision,0.600187262633211,0.5989603429250968,0.6014141823413252,0.0017151154868897504,,0.0,43428,11454
chexpert,biomedclip,xgboost,race-bin,demographic,per_radiograph,recall,0.5947843677798372,0.5935572470813267,0.5960114884783477,0.0017153964520900233,,0.0,43428,11454
chexpert,biomedclip,xgboost,race-bin,demographic,per_radiograph,f1,0.5939161207750616,0.5926222857015051,0.5952099558486181,0.0018086567176827167,,0.0,43428,11454
chexpert,biomedclip,xgboost,race-bin,demographic,per_radiograph,roc,0.6366735393174355,0.6355131246937279,0.6378339539411432,0.0016221477894372708,,0.0,43428,11454
chexpert,biomedclip,xgboost,race-bin,demographic,one_per_patient,accuracy,0.609316745241837,0.6077723730302567,0.6108611174534173,0.0021588834869030733,0.0016404927453816255,0.26298151506515266,43428,11454
chexpert,biomedclip,xgboost,race-bin,demographic,one_per_patient,precision,0.6049703665069479,0.6033444181487189,0.606596314865177,0.0022729190766427837,0.0017375750518191235,0.4783103873736927,43428,11454
chexpert,biomedclip,xgboost,race-bin,demographic,one_per_patient,recall,0.5998434086081794,0.5981985085515461,0.6014883086648127,0.0022994117242227225,0.0016623063080626948,0.5059040828342187,43428,11454
chexpert,biomedclip,xgboost,race-bin,demographic,one_per_patient,f1,0.5988536642810685,0.597126869284951,0.600580459277186,0.0024138929556173703,0.001702833226901819,0.4937543506006836,43428,11454
chexpert,biomedclip,xgboost,race-bin,demographic,one_per_patient,roc,0.6412340136794491,0.6396922428655172,0.642775784493381,0.0021552469837441916,0.002113358585166684,0.4560474362013567,43428,11454
chexpert,biomedclip,xgboost,race-bin,demographic,patient_balanced,accuracy,0.6093947584857593,0.6078901322357896,0.610899384735729,0.002103322463757983,,0.27078283945738413,43428,11454
chexpert,biomedclip,xgboost,race-bin,demographic,patient_balanced,precision,0.605050647832063,0.603466714623925,0.606634581040201,0.002214185946733213,,0.48633851988519883,43428,11454
chexpert,biomedclip,xgboost,race-bin,demographic,patient_balanced,recall,0.5999206937797068,0.59831686078983,0.6015245267695836,0.0022420039234274745,,0.5136325999869573,43428,11454
chexpert,biomedclip,xgboost,race-bin,demographic,patient_balanced,f1,0.5989344813051202,0.5972499527567463,0.600619009853494,0.0023548085358126537,,0.5018360530058552,43428,11454
chexpert,biomedclip,xgboost,race-bin,demographic,patient_balanced,roc,0.6413472740383012,0.6398338920714615,0.6428606560051409,0.0021155621119624967,,0.467373472086563,43428,11454
chexpert,biomedclip,mlp,race-bin,demographic,per_radiograph,accuracy,0.6239430781983972,0.6231026095037315,0.6247835468930629,0.0011748942208148361,,0.0,43428,11454
chexpert,biomedclip,mlp,race-bin,demographic,per_radiograph,precision,0.6217142288076781,0.6204809880889123,0.622947469526444,0.0017239516504869174,,0.0,43428,11454
chexpert,biomedclip,mlp,race-bin,demographic,per_radiograph,recall,0.606507108717169,0.6042553037031035,0.6087589137312344,0.0031478063540244794,,0.0,43428,11454
chexpert,biomedclip,mlp,race-bin,demographic,per_radiograph,f1,0.6021777721587898,0.598261656468978,0.6060938878486015,0.005474352252741912,,0.0,43428,11454
chexpert,biomedclip,mlp,race-bin,demographic,per_radiograph,roc,0.6632719581268149,0.6627145821403011,0.6638293341133288,0.0007791579026469412,,0.0,43428,11454
chexpert,biomedclip,mlp,race-bin,demographic,one_per_patient,accuracy,0.626850925440894,0.625576554149333,0.6281252967324551,0.0017814482266029414,0.0020838917858581924,0.29078472424968194,43428,11454
chexpert,biomedclip,mlp,race-bin,demographic,one_per_patient,precision,0.6274816641262334,0.6260566974446359,0.6289066308078309,0.00199196606570645,0.0023653941080225525,0.5767435318555281,43428,11454
chexpert,biomedclip,mlp,race-bin,demographic,one_per_patient,recall,0.6127185157395039,0.6101962002229796,0.6152408312560281,0.00352595396145573,0.002121159484558163,0.6211407022334914,43428,11454
chexpert,biomedclip,mlp,race-bin,demographic,one_per_patient,f1,0.6082413551661638,0.603986679488529,0.6124960308437987,0.005947626481296784,0.0022442856755174588,0.6063583007374085,43428,11454
chexpert,biomedclip,mlp,race-bin,demographic,one_per_patient,roc,0.668215190406231,0.6674654381574396,0.6689649426550224,0.0010480813738081194,0.0024529830035118156,0.49432322794160655,43428,11454
chexpert,biomedclip,mlp,race-bin,demographic,patient_balanced,accuracy,0.6268189848239205,0.6255974082816075,0.6280405613662335,0.001707646256137469,,0.28759066255232835,43428,11454
chexpert,biomedclip,mlp,race-bin,demographic,patient_balanced,precision,0.6274289682695668,0.6259706968231823,0.6288872397159514,0.0020385229165709793,,0.5714739461888718,43428,11454
chexpert,biomedclip,mlp,race-bin,demographic,patient_balanced,recall,0.6126999433927247,0.6102425095770374,0.615157377208412,0.0034352555977525023,,0.6192834675555758,43428,11454
chexpert,biomedclip,mlp,race-bin,demographic,patient_balanced,f1,0.6082398490013887,0.6040561930491571,0.6124235049536203,0.005848347750905411,,0.6062076842598962,43428,11454
chexpert,biomedclip,mlp,race-bin,demographic,patient_balanced,roc,0.6681918945224733,0.6674601301303853,0.6689236589145613,0.0010229360840194992,,0.4919936395658353,43428,11454
chexpert,biomedclip,logistic_regression,race-cls,demographic,per_radiograph,accuracy,0.5797273648337478,0.5794012124199752,0.5800535172475203,0.0004559296360211693,,0.0,43428,11454
chexpert,biomedclip,logistic_regression,race-cls,demographic,per_radiograph,precision,0.45710415369199564,0.45370642590460536,0.4605018814793859,0.004749695933522848,,0.0,43428,11454
chexpert,biomedclip,logistic_regression,race-cls,demographic,per_radiograph,recall,0.3098993288106152,0.3092738722896884,0.31052478533154204,0.0008743279273479313,,0.0,43428,11454
chexpert,biomedclip,logistic_regression,race-cls,demographic,per_radiograph,f1,0.2976721258625705,0.2965273888783512,0.2988168628467899,0.0016002319606292041,,0.0,43428,11454
chexpert,biomedclip,logistic_regression,race-cls,demographic,per_radiograph,roc,0.6963141597562671,0.6958497470055987,0.6967785725069355,0.0006492042598327298,,0.0,43428,11454
chexpert,biomedclip,logistic_regression,race-cls,demographic,one_per_patient,accuracy,0.5744819277108434,0.5741751251754361,0.5747887302462507,0.0004288803712369914,0.0016323285806119755,-0.5245437122904373,43428,11454
chexpert,biomedclip,logistic_regression,race-cls,demographic,one_per_patient,precision,0.4539875775432017,0.44951915159401057,0.4584560034923928,0.00624642875714959,0.009886419870938593,-0.3116576148793959,43428,11454
chexpert,biomedclip,logistic_regression,race-cls,demographic,one_per_patient,recall,0.3140269545542115,0.3130584930792806,0.3149954160291424,0.0013538157901654033,0.0018173377908039844,0.4127625743596264,43428,11454
chexpert,biomedclip,logistic_regression,race-cls,demographic,one_per_patient,f1,0.3036837534392757,0.3019504836881962,0.30541702319035524,0.0024229440389406777,0.002875876380585975,0.6011627576705203,43428,11454
chexpert,biomedclip,logistic_regression,race-cls,demographic,one_per_patient,roc,0.7025772256488261,0.702190521033712,0.7029639302639401,0.0005405757767582534,0.0020378689866590496,0.6263065892558983,43428,11454
chexpert,biomedclip,logistic_regression,race-cls,demographic,patient_balanced,accuracy,0.5744412081522351,0.5741328892417293,0.5747495270627409,0.0004310001174585422,,-0.5286156681512666,43428,11454
chexpert,biomedclip,logistic_regression,race-cls,demographic,patient_balanced,precision,0.45376894662298517,0.44928349628191644,0.4582543969640539,0.006270227215981921,,-0.33352070690104707,43428,11454
chexpert,biomedclip,logistic_regression,race-cls,demographic,patient_balanced,recall,0.3140048281617339,0.3130192185023182,0.31499043782114966,0.00137778729913012,,0.4105499351118702,43428,11454
chexpert,biomedclip,logistic_regression,race-cls,demographic,patient_balanced,f1,0.30365925056702325,0.3018987721580079,0.3054197289760386,0.0024609791200422304,,0.5987124704452729,43428,11454
chexpert,biomedclip,logistic_regression,race-cls,demographic,patient_balanced,roc,0.7026427749046251,0.7022470384449565,0.7030385113642937,0.000553201424849386,,0.632861514835803,43428,11454
chexpert,biomedclip,random_forest,race-cls,demographic,per_radiograph,accuracy,0.5530095790734089,0.5527588675447321,0.5532602906020856,0.0003504705505433774,,0.0,43428,11454
chexpert,biomedclip,random_forest,race-cls,demographic,per_radiograph,precision,0.27503234053476244,0.2721995207895871,0.2778651602799378,0.003960008943034521,,0.0,43428,11454
chexpert,biomedclip,random_forest,race-cls,demographic,per_radiograph,recall,0.25246261452239455,0.252196200425899,0.2527290286188901,0.00037242122675458067,,0.0,43428,11454
chexpert,biomedclip,random_forest,race-cls,demographic,per_radiograph,f1,0.1840406530812621,0.18339163302974504,0.18468967313277918,0.0009072674717809143,,0.0,43428,11454
chexpert,biomedclip,random_forest,race-cls,demographic,per_radiograph,roc,0.6269901578227448,0.6263969712458765,0.6275833443996132,0.0008292176561136792,,0.0,43428,11454
chexpert,biomedclip,random_forest,race-cls,demographic,one_per_patient,accuracy,0.5450323031255457,0.5448191265749244,0.5452454796761671,0.0002980002692876803,0.0003063169021588914,-0.7977275947863127,43428,11454
chexpert,biomedclip,random_forest,race-cls,demographic,one_per_patient,precision,0.2932922425795559,0.2883513889372495,0.2982330962218623,0.006906837133947994,0.010837242888194324,1.8259902044793441,43428,11454
chexpert,biomedclip,random_forest,race-cls,demographic,one_per_patient,recall,0.25206478940628635,0.2518694421081488,0.2522601367044239,0.0002730766929098776,0.0002346502497835918,-0.03978251161081969,43428,11454
chexpert,biomedclip,random_forest,race-cls,demographic,one_per_patient,f1,0.18110310538021673,0.18067545756963957,0.1815307531907939,0.0005978104174255714,0.0004482457913205036,-0.2937547701045373,43428,11454
chexpert,biomedclip,random_forest,race-cls,demographic,one_per_patient,roc,0.6332014119758329,0.6327115270618084,0.6336912968898574,0.0006848118888956538,0.002335607264138371,0.6211254153088097,43428,11454
chexpert,biomedclip,random_forest,race-cls,demographic,patient_balanced,accuracy,0.5450473103627859,0.544834316173001,0.5452603045525707,0.0002977453464163734,,-0.7962268710623,43428,11454
chexpert,biomedclip,random_forest,race-cls,demographic,patient_balanced,precision,0.29378441011989853,0.28888886455252855,0.2986799556872685,0.006843500812515756,,1.8752069585136089,43428,11454
chexpert,biomedclip,random_forest,race-cls,demographic,patient_balanced,recall,0.2520776134046176,0.2518820971099491,0.2522731296992861,0.00027331293377027237,,-0.03850011177769508,43428,11454
chexpert,biomedclip,random_forest,race-cls,demographic,patient_balanced,f1,0.18112783520047618,0.18069824831818485,0.1815574220827675,0.0006005210527712943,,-0.29128178807859284,43428,11454
chexpert,biomedclip,random_forest,race-cls,demographic,patient_balanced,roc,0.6331017699902597,0.6326165357098793,0.6335870042706401,0.0006783107513443674,,0.6111612167514879,43428,11454
chexpert,biomedclip,xgboost,race-cls,demographic,per_radiograph,accuracy,0.5613267937736023,0.5605383384790753,0.5621152490681293,0.001102184501088473,,0.0,43428,11454
chexpert,biomedclip,xgboost,race-cls,demographic,per_radiograph,precision,0.4087993802823068,0.4038143695113622,0.4137843910532514,0.0069685645433971224,,0.0,43428,11454
chexpert,biomedclip,xgboost,race-cls,demographic,per_radiograph,recall,0.297341185860421,0.2959807968790696,0.29870157484177245,0.0019016926655260127,,0.0,43428,11454
chexpert,biomedclip,xgboost,race-cls,demographic,per_radiograph,f1,0.28359090921403884,0.28132665916434696,0.28585515926373073,0.003165203314230355,,0.0,43428,11454
chexpert,biomedclip,xgboost,race-cls,demographic,per_radiograph,roc,0.6505551409350196,0.6494756987514047,0.6516345831186346,0.0015089561232705425,,0.0,43428,11454
chexpert,biomedclip,xgboost,race-cls,demographic,one_per_patient,accuracy,0.5571770997031604,0.5559446667307402,0.5584095326755807,0.00172282249895605,0.0012530466003711279,-0.4149694070441856,43428,11454
chexpert,biomedclip,xgboost,race-cls,demographic,one_per_patient,precision,0.4115048609448208,0.40771730521659016,0.41529241667305145,0.005294637818583349,0.005576454068509237,0.2705480662514026,43428,11454
chexpert,biomedclip,xgboost,race-cls,demographic,one_per_patient,recall,0.30316530219927584,0.3015421098241419,0.30478849457440976,0.002269066477930108,0.001207982144837374,0.5824116338854823,43428,11454
chexpert,biomedclip,xgboost,race-cls,demographic,one_per_patient,f1,0.2919741813322048,0.2893578811974536,0.29459048146695604,0.0036573353983862206,0.0018132539394447884,0.8383272118165974,43428,11454
chexpert,biomedclip,xgboost,race-cls,demographic,one_per_patient,roc,0.6579163826415859,0.6565115531084729,0.659321212174699,0.0019638162731819547,0.0021128085639233306,0.7361241706566268,43428,11454
chexpert,biomedclip,xgboost,race-cls,demographic,patient_balanced,accuracy,0.5571573237197667,0.5558635987619877,0.5584510486775457,0.001808502786440072,,-0.4169470053835611,43428,11454
chexpert,biomedclip,xgboost,race-cls,demographic,patient_balanced,precision,0.41148372612183753,0.40750252417501437,0.4154649280686607,0.005565336566259472,,0.2684345839530755,43428,11454
chexpert,biomedclip,xgboost,race-cls,demographic,patient_balanced,recall,0.3031830871719368,0.30152074375954896,0.3048454305843247,0.0023237958541703846,,0.5841901311515796,43428,11454
chexpert,biomedclip,xgboost,race-cls,demographic,patient_balanced,f1,0.2920204442358264,0.2893542205511196,0.2946866679205332,0.0037271237090010633,,0.842953502178756,43428,11454
chexpert,biomedclip,xgboost,race-cls,demographic,patient_balanced,roc,0.6577449497340578,0.6563309906760202,0.6591589087920955,0.001976578469014931,,0.7189808799038189,43428,11454
chexpert,biomedclip,mlp,race-cls,demographic,per_radiograph,accuracy,0.570037763654785,0.5695224983573078,0.5705530289522621,0.0007202912185006304,,0.0,43428,11454
chexpert,biomedclip,mlp,race-cls,demographic,per_radiograph,precision,0.42442247898888263,0.40055089233713875,0.4482940656406265,0.033370177112867626,,0.0,43428,11454
chexpert,biomedclip,mlp,race-cls,demographic,per_radiograph,recall,0.2972557493327768,0.2941364045132134,0.30037509415234026,0.0043605433783486984,,0.0,43428,11454
chexpert,biomedclip,mlp,race-cls,demographic,per_radiograph,f1,0.2777144876208873,0.27172362812648077,0.2837053471152938,0.008374644103183063,,0.0,43428,11454
chexpert,biomedclip,mlp,race-cls,demographic,per_radiograph,roc,0.6651772035514959,0.663119469268311,0.6672349378346808,0.002876514179089252,,0.0,43428,11454
chexpert,biomedclip,mlp,race-cls,demographic,one_per_patient,accuracy,0.565341190850358,0.564622907515093,0.5660594741856231,0.0010040908660448602,0.0013784404424372013,-0.4696572804426924,43428,11454
chexpert,biomedclip,mlp,race-cls,demographic,one_per_patient,precision,0.4181465313243692,0.3944540502563985,0.44183901239233986,0.03311980477107024,0.006240600185558298,-0.6275947664513448,43428,11454
chexpert,biomedclip,mlp,race-cls,demographic,one_per_patient,recall,0.3021880465807893,0.2990402061067689,0.3053358870548097,0.004400377556530781,0.0012513947079531979,0.4932297248012474,43428,11454
chexpert,biomedclip,mlp,race-cls,demographic,one_per_patient,f1,0.28458207890610887,0.2782962122744344,0.29086794553778333,0.008787035644801468,0.0018554602324553334,0.6867591285221575,43428,11454
chexpert,biomedclip,mlp,race-cls,demographic,one_per_patient,roc,0.6708838308739772,0.6690075432377897,0.6727601185101647,0.0026228692565639757,0.0022928781416268994,0.5706627322481284,43428,11454
chexpert,biomedclip,mlp,race-cls,demographic,patient_balanced,accuracy,0.5653696709849927,0.5646424173743875,0.5660969245955979,0.0010166304463091584,,-0.466809266979229,43428,11454
chexpert,biomedclip,mlp,race-cls,demographic,patient_balanced,precision,0.4182043147715847,0.3943779327315921,0.4420306968115773,0.033306985422995226,,-0.6218164217297928,43428,11454
chexpert,biomedclip,mlp,race-cls,demographic,patient_balanced,recall,0.302227502657514,0.29905641621137713,0.3053985891036509,0.004432873184827488,,0.4971753324737205,43428,11454
chexpert,biomedclip,mlp,race-cls,demographic,patient_balanced,f1,0.2846398772486341,0.2783158507680179,0.2909639037292503,0.008840379435323809,,0.6925389627746803,43428,11454
chexpert,biomedclip,mlp,race-cls,demographic,patient_balanced,roc,0.6707625452151457,0.6688818678306581,0.6726432225996333,0.0026290057015515233,,0.5585341663649768,43428,11454
chexpert,biomedclip,logistic_regression,disease,disease,per_radiograph,accuracy,0.8852192134107029,0.8847492456016617,0.885689181219744,0.0006569696959756459,,0.0,43428,11454
chexpert,biomedclip,logistic_regression,disease,disease,per_radiograph,precision,0.7922163416643981,0.7910457410065627,0.7933869423222336,0.0016363868832972937,,0.0,43428,11454
chexpert,biomedclip,logistic_regression,disease,disease,per_radiograph,recall,0.734588000230273,0.733556261241473,0.7356197392190731,0.0014422716551182582,,0.0,43428,11454
chexpert,biomedclip,logistic_regression,disease,disease,per_radiograph,f1,0.7582037935524719,0.7571949965629292,0.7592125905420146,0.0014102009515779966,,0.0,43428,11454
chexpert,biomedclip,logistic_regression,disease,disease,per_radiograph,roc,0.9142958793061207,0.9139820982665343,0.914609660345707,0.00043863564740851394,,0.0,43428,11454
chexpert,biomedclip,logistic_regression,disease,disease,one_per_patient,accuracy,0.8356856993190153,0.8350224362103082,0.8363489624277223,0.0009271778928179905,0.0017768083165502209,-4.953351409168761,43428,11454
chexpert,biomedclip,logistic_regression,disease,disease,one_per_patient,precision,0.797032310054115,0.7960289240908172,0.7980356960174129,0.0014026368584665392,0.0027507899460022483,0.48159683897168737,43428,11454
chexpert,biomedclip,logistic_regression,disease,disease,one_per_patient,recall,0.7278656181019979,0.7266363201751846,0.7290949160288112,0.0017184400073901797,0.0024795900706960027,-0.672238212827514,43428,11454
chexpert,biomedclip,logistic_regression,disease,disease,one_per_patient,f1,0.7515634152204301,0.7503571475595935,0.7527696828812668,0.0016862459154847128,0.002566766825495252,-0.6640378332041785,43428,11454
chexpert,biomedclip,logistic_regression,disease,disease,one_per_patient,roc,0.8920897771108631,0.8916778931270012,0.8925016610947251,0.0005757741071819782,0.0015432254505631535,-2.2206102195257538,43428,11454
chexpert,biomedclip,logistic_regression,disease,disease,patient_balanced,accuracy,0.835634438360696,0.8349681138403383,0.8363007628810536,0.0009314574512104385,,-4.958477505000691,43428,11454
chexpert,biomedclip,logistic_regression,disease,disease,patient_balanced,precision,0.7970606324078382,0.7960515490410387,0.7980697157746377,0.00141060127937866,,0.48442907434400606,43428,11454
chexpert,biomedclip,logistic_regression,disease,disease,patient_balanced,recall,0.7277693928566703,0.7265373862068779,0.7290013995064627,0.0017222265410162718,,-0.6818607373602736,43428,11454
chexpert,biomedclip,logistic_regression,disease,disease,patient_balanced,f1,0.7514948862439779,0.7502845970798043,0.7527051754081514,0.0016918675895096012,,-0.670890730849405,43428,11454
chexpert,biomedclip,logistic_regression,disease,disease,patient_balanced,roc,0.8920240602150924,0.8916111888278808,0.892436931602304,0.0005771544018872542,,-2.2271819091028267,43428,11454
chexpert,biomedclip,random_forest,disease,disease,per_radiograph,accuracy,0.8763033066224557,0.8761246335257918,0.8764819797191196,0.0002497677665067395,,0.0,43428,11454
chexpert,biomedclip,random_forest,disease,disease,per_radiograph,precision,0.7871571892711681,0.7864709728906542,0.787843405651682,0.0009592643542957698,,0.0,43428,11454
chexpert,biomedclip,random_forest,disease,disease,per_radiograph,recall,0.6771494146384454,0.6763582993986199,0.6779405298782708,0.0011059028482187682,,0.0,43428,11454
chexpert,biomedclip,random_forest,disease,disease,per_radiograph,f1,0.7116902131420434,0.7109969257747116,0.7123835005093752,0.0009691489122816736,,0.0,43428,11454
chexpert,biomedclip,random_forest,disease,disease,per_radiograph,roc,0.9038797845802542,0.9037790961817161,0.9039804729787922,0.00014075267561576628,,0.0,43428,11454
chexpert,biomedclip,random_forest,disease,disease,one_per_patient,accuracy,0.8129298061812467,0.8125916489649971,0.8132679633974962,0.0004727111927190182,0.001562218682266428,-6.337350044120904,43428,11454
chexpert,biomedclip,random_forest,disease,disease,one_per_patient,precision,0.7865068268184132,0.7857726077368873,0.7872410458999392,0.0010263675032416728,0.0028508283382639643,-0.0650362452754849,43428,11454
chexpert,biomedclip,random_forest,disease,disease,one_per_patient,recall,0.6598682248429387,0.659062295963482,0.6606741537223955,0.0011266108885091644,0.002159279728402319,-1.7281189795506635,43428,11454
chexpert,biomedclip,random_forest,disease,disease,one_per_patient,f1,0.6855230203757368,0.6846256620222846,0.6864203787291889,0.0012544204800991662,0.002562004308961969,-2.6167192766306635,43428,11454
chexpert,biomedclip,random_forest,disease,disease,one_per_patient,roc,0.8807151784305585,0.8805815858600107,0.8808487710011063,0.00018674953639152727,0.0016194540729176088,-2.3164606149695732,43428,11454
chexpert,biomedclip,random_forest,disease,disease,patient_balanced,accuracy,0.8129184695956431,0.8125831478421291,0.813253791349157,0.000468747489130142,,-6.3384837026812635,43428,11454
chexpert,biomedclip,random_forest,disease,disease,patient_balanced,precision,0.786621796932657,0.7859066164110958,0.7873369774542182,0.0009997534315728449,,-0.05353923385110759,43428,11454
chexpert,biomedclip,random_forest,disease,disease,patient_balanced,recall,0.6598965225509914,0.6590872352009496,0.6607058099010332,0.0011313057066580595,,-1.7252892087453953,43428,11454
chexpert,biomedclip,random_forest,disease,disease,patient_balanced,f1,0.6855613252935872,0.6846611111316941,0.6864615394554802,0.001258412625022787,,-2.612888784845624,43428,11454
chexpert,biomedclip,random_forest,disease,disease,patient_balanced,roc,0.8806462576789407,0.8805123154899993,0.880780199867882,0.000187238269205403,,-2.323352690131353,43428,11454
chexpert,biomedclip,xgboost,disease,disease,per_radiograph,accuracy,0.8810122501611863,0.8803686742670664,0.8816558260553062,0.0008996570645120088,,0.0,43428,11454
chexpert,biomedclip,xgboost,disease,disease,per_radiograph,precision,0.7801731334264372,0.7787283445165282,0.7816179223363463,0.002019675630184881,,0.0,43428,11454
chexpert,biomedclip,xgboost,disease,disease,per_radiograph,recall,0.7338494285362434,0.7322175466822273,0.7354813103902594,0.0022812135318123873,,0.0,43428,11454
chexpert,biomedclip,xgboost,disease,disease,per_radiograph,f1,0.7534952984835497,0.751997760761926,0.7549928362051733,0.0020934133844065007,,0.0,43428,11454
chexpert,biomedclip,xgboost,disease,disease,per_radiograph,roc,0.9073670645899355,0.9067891251014659,0.9079450040784052,0.0008079036962271613,,0.0,43428,11454
chexpert,biomedclip,xgboost,disease,disease,one_per_patient,accuracy,0.8305766544438624,0.8293685885217466,0.8317847203659783,0.0016887597114154287,0.001506211241162754,-5.043559571732392,43428,11454
chexpert,biomedclip,xgboost,disease,disease,one_per_patient,precision,0.7854453314565907,0.783709262881454,0.7871814000317273,0.0024268565251886753,0.0021897226929184373,0.5272198030153441,43428,11454
chexpert,biomedclip,xgboost,disease,disease,one_per_patient,recall,0.7253224742930031,0.7230297660374538,0.7276151825485524,0.0032049851428800316,0.0021009963655883486,-0.8526954243240237,43428,11454
chexpert,biomedclip,xgboost,disease,disease,one_per_patient,f1,0.7466462047186628,0.7444334589563222,0.7488589504810035,0.003093205285106593,0.0021244233292574918,-0.6849093764886849,43428,11454
chexpert,biomedclip,xgboost,disease,disease,one_per_patient,roc,0.8840700584075917,0.8835091816522816,0.8846309351629017,0.0007840516399784044,0.001584959187412717,-2.329700618234387,43428,11454
chexpert,biomedclip,xgboost,disease,disease,patient_balanced,accuracy,0.8305437239585217,0.8293073196090966,0.8317801283079468,0.001728374101200371,,-5.046852620266462,43428,11454
chexpert,biomedclip,xgboost,disease,disease,patient_balanced,precision,0.7854685956111878,0.783665631481517,0.7872715597408585,0.0025203700622415466,,0.5295462184750521,43428,11454
chexpert,biomedclip,xgboost,disease,disease,patient_balanced,recall,0.7253003047215818,0.7229952589413773,0.7276053505017863,0.0032222318131112935,,-0.8549123814661552,43428,11454
chexpert,biomedclip,xgboost,disease,disease,patient_balanced,f1,0.7466387389159583,0.7444013678421437,0.7488761099897729,0.003127629096868078,,-0.6856559567591347,43428,11454
chexpert,biomedclip,xgboost,disease,disease,patient_balanced,roc,0.8839812890130169,0.8834163920333498,0.884546185992684,0.0007896715261127939,,-2.3385775576918677,43428,11454
chexpert,biomedclip,mlp,disease,disease,per_radiograph,accuracy,0.8875034539928157,0.8867080623874037,0.8882988455982277,0.001111880795101904,,0.0,43428,11454
chexpert,biomedclip,mlp,disease,disease,per_radiograph,precision,0.8021500494071727,0.7991170142061804,0.805183084608165,0.004239890851129462,,0.0,43428,11454
chexpert,biomedclip,mlp,disease,disease,per_radiograph,recall,0.7290767576805526,0.7224421486727368,0.7357113666883683,0.009274543870726069,,0.0,43428,11454
chexpert,biomedclip,mlp,disease,disease,per_radiograph,f1,0.7572963719084352,0.7529361479575367,0.7616565958593338,0.006095172793326718,,0.0,43428,11454
chexpert,biomedclip,mlp,disease,disease,per_radiograph,roc,0.9173877355453858,0.9171537483942943,0.9176217226964772,0.000327091482772775,,0.0,43428,11454
chexpert,biomedclip,mlp,disease,disease,one_per_patient,accuracy,0.8372686834293697,0.8353761037721315,0.8391612630866079,0.0026456439315748286,0.0016719172961027387,-5.023477056344605,43428,11454
chexpert,biomedclip,mlp,disease,disease,one_per_patient,precision,0.8059015334795422,0.8036384615178086,0.8081646054412758,0.003163556460822725,0.002656541350215264,0.3751484072369471,43428,11454
chexpert,biomedclip,mlp,disease,disease,one_per_patient,recall,0.7226609328467445,0.7154423297349469,0.729879535958542,0.01009091133582383,0.0023253356626706787,-0.6415824833808093,43428,11454
chexpert,biomedclip,mlp,disease,disease,one_per_patient,f1,0.7490090797226848,0.7429668185579963,0.7550513408873734,0.008446498683535473,0.0024662683563601876,-0.8287292185750417,43428,11454
chexpert,biomedclip,mlp,disease,disease,one_per_patient,roc,0.8974940934724641,0.8971807012017813,0.897807485743147,0.00043809218595553825,0.0016248716035397529,-1.9893642072921658,43428,11454
chexpert,biomedclip,mlp,disease,disease,patient_balanced,accuracy,0.8372235855367626,0.835307232989852,0.8391399380836732,0.002678876139824066,,-5.027986845605314,43428,11454
chexpert,biomedclip,mlp,disease,disease,patient_balanced,precision,0.8059889374532154,0.8037513837287031,0.8082264911777277,0.003127884424937381,,0.383888804604271,43428,11454
chexpert,biomedclip,mlp,disease,disease,patient_balanced,recall,0.7225318331629326,0.7152798604108352,0.7297838059150299,0.010137558876401638,,-0.654492451762001,43428,11454
chexpert,biomedclip,mlp,disease,disease,patient_balanced,f1,0.7489180374032587,0.7428320164217268,0.7550040583847906,0.008507670689393034,,-0.8378334505176555,43428,11454
chexpert,biomedclip,mlp,disease,disease,patient_balanced,roc,0.8974479651252582,0.897126023740331,0.8977699065101853,0.00045004302360413266,,-1.9939770420127623,43428,11454
